,Class,225516_at,207626_s_at,229603_at,217740_x_at,224930_x_at,214521_at,216674_at,231928_at,213377_x_at,200088_x_at,214271_x_at,200809_x_at,228100_at,200819_s_at,216364_s_at,210957_s_at,206105_at,202575_at,222670_s_at,218559_s_at
X60120,0,10.30339,3.0749,6.77791,13.958260000000001,13.82996,3.70068,3.3518199999999996,6.50176,13.774770000000002,14.01759,13.29287,13.99274,8.97691,13.5379,3.8399400000000004,3.71659,3.75759,8.05904,6.936039999999999,7.424739999999999
X32117,0,11.367519999999999,3.4847900000000003,6.60045,13.94265,13.909220000000001,3.9045300000000003,3.9906599999999997,7.45498,13.745870000000002,14.09164,13.3158,13.98824,10.413310000000001,13.67675,4.20824,4.68957,4.78338,7.1048800000000005,6.588989999999999,6.7217
X23066,0,10.788960000000001,3.68729,6.70489,13.887189999999999,13.69561,4.25088,4.003430000000001,6.79967,13.7549,14.008239999999999,13.31076,13.96548,8.9431,13.6275,4.30789,4.155959999999999,4.254230000000001,8.51084,7.02308,7.57005
X60267,0,10.41804,3.65765,6.642810000000001,14.05802,14.041839999999999,3.81178,3.39379,5.98355,13.940829999999998,14.032520000000002,13.305220000000002,13.96976,7.88355,13.5501,4.10243,3.87227,3.93859,8.84757,7.44775,7.770010000000001
X51174,0,11.025310000000001,3.20778,7.05968,13.81551,13.63401,4.03265,3.5904300000000005,7.50058,13.69391,13.84547,13.140970000000001,13.746429999999998,10.56532,13.43131,4.21209,3.6936,4.20139,7.62805,7.82268,8.6069
X51068,0,10.30879,3.03786,6.7938,13.866620000000001,13.72156,3.91565,3.5276300000000003,7.5892100000000005,13.70611,13.91881,13.247810000000001,13.9149,10.271289999999999,13.451379999999999,4.32873,3.7793300000000003,4.47748,8.058010000000001,7.20378,7.750539999999999
X23177,0,8.660680000000001,3.0952,6.79283,13.982970000000002,13.838370000000001,4.06746,4.18159,7.860180000000001,13.685620000000002,13.98427,13.236989999999999,13.944729999999998,11.041080000000001,13.60956,4.63058,3.7540699999999996,4.06859,9.65625,7.70405,8.83802
X23052,0,11.482330000000001,3.3034,6.641769999999999,13.856589999999999,13.675460000000001,4.3152800000000004,3.50198,7.64015,13.75716,13.940729999999999,13.279160000000001,13.902479999999999,9.96307,13.66102,3.90961,3.96878,3.9597300000000004,6.18521,7.66188,8.49063
X60170,0,11.98409,3.47776,6.8689800000000005,14.07526,13.98344,3.75755,3.47986,6.90477,13.76208,14.008239999999999,13.34769,14.00976,9.73738,13.668970000000002,3.8136300000000003,3.79586,3.61026,9.847610000000001,6.775469999999999,7.15579
X70070,0,11.14942,3.27168,6.91978,13.93426,13.74588,4.03471,3.9190699999999996,7.01727,13.7105,13.997539999999999,13.270220000000002,13.92404,10.20732,13.570120000000001,4.0689400000000004,4.02732,4.98455,8.398719999999999,6.74356,7.0502199999999995
X44262,0,11.44856,3.6487199999999995,7.5639,13.95015,13.76796,3.5963300000000005,3.67305,7.683260000000001,13.67728,14.01096,13.30267,13.896279999999999,9.71113,13.52824,3.9015199999999997,3.68765,4.87739,7.8863199999999996,7.18588,7.948689999999999
X22027,0,11.70725,4.4031400000000005,6.8668,13.8191,13.63894,3.95476,4.077030000000001,8.22949,13.61186,13.82346,13.098410000000001,13.797139999999999,10.11989,13.445279999999999,4.11404,4.35272,4.37726,6.66821,7.04155,7.682910000000001
X70057,0,9.401639999999999,3.4704699999999997,5.4756599999999995,13.80255,13.59555,3.46335,3.4704699999999997,5.96435,13.71235,13.91492,13.176960000000001,13.963629999999998,8.04353,13.607829999999998,4.02118,3.71276,3.7772300000000003,8.359919999999999,6.86733,7.85452
X23036,0,11.31177,3.29589,6.68997,13.88926,13.7521,3.9778,3.3595300000000003,6.97819,13.765239999999999,14.004529999999999,13.276689999999999,13.8898,8.916139999999999,13.51341,4.21901,3.7450099999999997,5.73285,7.552810000000001,7.7542800000000005,8.07039
X22002,0,11.8115,3.63059,6.78131,13.85738,13.68655,3.8590699999999996,3.5693300000000003,7.24182,13.77382,13.887570000000002,13.108770000000002,13.80826,7.698689999999999,13.564929999999999,3.9083099999999997,3.8775,4.20561,6.6780100000000004,7.476039999999999,7.95057
X70144,0,11.742519999999999,3.5568,6.06051,14.0151,13.92637,4.50157,3.568,7.4236,13.93645,14.07294,13.33025,14.05122,6.53086,13.625739999999999,4.21674,3.95516,4.52336,7.1398600000000005,7.530060000000001,8.25022
X70056,0,10.73713,3.4079900000000003,7.0472600000000005,13.91361,13.84407,4.33729,3.98624,7.53495,13.64884,14.03224,13.29636,13.97047,9.69967,13.70444,3.9512199999999997,3.7291800000000004,3.7280300000000004,7.21267,6.80883,7.6300300000000005
X70055,0,10.80627,3.4086800000000004,7.22732,13.99575,13.83451,3.5522099999999996,3.43485,6.748310000000001,13.84609,14.005279999999999,13.30889,13.944729999999998,10.22887,13.58095,4.05333,3.9020900000000003,3.97988,7.5285,7.43438,7.953710000000001
X95014,1,5.90455,3.31285,5.16219,13.79415,13.54551,3.67153,3.57745,6.09502,13.66345,13.53204,12.85703,13.47836,7.004510000000001,13.44355,4.15567,4.00235,4.70376,10.43887,7.93542,8.52225
X95002,1,9.553289999999999,4.11397,7.599810000000001,14.08215,13.96601,4.30701,3.3433900000000003,6.38211,13.81395,14.140579999999998,13.350389999999999,14.063979999999999,8.55991,13.82046,4.33908,4.1988199999999996,4.3211,7.1245899999999995,7.669860000000001,8.719
X94099,1,11.53702,5.4386,7.1171,13.993039999999999,13.89928,4.51746,4.572,7.715339999999999,13.6972,14.10624,13.278920000000001,14.05235,9.62464,13.811639999999999,4.33483,4.53693,4.27924,7.45028,7.502730000000001,7.99032
X94093,1,9.28815,3.08167,4.57067,13.47064,13.262260000000001,3.7592800000000004,3.5615300000000003,6.349819999999999,13.85774,13.74974,13.167829999999999,13.716270000000002,6.39369,13.33779,4.21149,4.02885,4.59319,10.70449,8.5864,9.53598
X94084,1,7.50776,3.40193,4.60392,13.485529999999999,13.186179999999998,3.96308,3.4571300000000003,5.77872,13.148420000000002,13.212729999999999,12.51234,13.1711,7.6677100000000005,13.213070000000002,4.25409,3.8516199999999996,4.07108,9.859010000000001,8.456610000000001,9.230360000000001
X94082,1,7.049239999999999,3.23906,6.2371,13.51711,13.311379999999998,3.85512,3.6656199999999997,5.716469999999999,13.445229999999999,13.549170000000002,12.82258,13.46164,6.93669,13.41066,4.1167,3.8560199999999996,3.79536,12.20093,9.00705,10.2046
X94070,1,7.77013,3.6639800000000005,5.01652,13.310720000000002,13.11682,4.21542,3.7033400000000003,6.79092,13.42208,12.8536,12.10788,12.773769999999999,7.98543,12.96458,4.52203,3.81299,3.9177400000000002,10.70331,8.04033,8.951189999999999
X94067,1,4.96481,3.19042,5.05272,13.39364,13.10796,3.8025,3.47665,6.05082,13.13544,14.11811,13.317860000000001,14.054979999999999,6.0675,12.80903,3.8940599999999996,4.14825,3.83543,9.01865,9.68549,10.99231
X94056,1,5.500719999999999,3.312,5.37389,12.95354,12.654160000000001,3.61796,3.29555,5.65493,13.53072,13.384889999999999,12.61525,13.21541,6.19607,13.02104,3.8586199999999997,3.59125,3.81891,9.18683,9.94983,10.43248
X94044,1,7.6791100000000005,3.6252,4.77524,13.649870000000002,13.447560000000001,3.7717199999999997,3.38574,5.80131,13.03017,13.59564,12.90528,13.54103,7.102289999999999,13.31551,3.9594699999999996,3.70738,3.86751,8.66685,9.03407,10.17656
X94025,1,5.261480000000001,3.09004,5.53756,13.637770000000002,13.421779999999998,3.70362,3.5955,6.39799,13.56625,13.648270000000002,12.92411,13.53699,8.318439999999999,13.12994,4.00809,3.82458,4.0355300000000005,10.786769999999999,9.32209,10.13302
X94019,1,8.98177,3.6377800000000002,4.76631,13.587679999999999,13.336570000000002,4.54524,3.8413800000000005,6.75873,12.95022,13.603010000000001,13.053189999999999,13.5686,5.7883,13.35229,4.3819,4.0623,4.07121,11.49898,9.207360000000001,10.39224
X93075,1,5.530130000000001,3.0280400000000003,4.34014,12.60799,12.14432,3.9412199999999995,3.4127199999999998,6.24217,13.73439,13.244570000000001,12.5024,13.07324,6.403230000000001,12.47423,4.01389,3.97554,4.19484,11.18464,6.8686300000000005,7.62719
X93050,1,8.183119999999999,3.2347799999999998,4.769080000000001,13.759960000000001,13.56158,4.192480000000001,3.5859099999999997,6.16594,12.99491,13.60186,12.90048,13.520520000000001,5.8078,13.4213,4.40132,3.96325,3.69179,11.80533,9.462480000000001,10.4261
X93031,1,8.32762,3.44009,5.10698,13.7142,13.48952,4.09627,3.79817,6.3891599999999995,13.53444,13.86565,13.16675,13.76029,5.97449,13.396279999999999,4.392519999999999,4.20545,4.136080000000001,10.10004,8.53688,9.195960000000001
X93006,1,6.1536599999999995,3.22434,5.25309,13.8975,13.70519,3.44081,3.1684099999999997,5.76457,12.87838,13.15119,12.39282,13.08637,6.5411,13.53999,4.01208,3.5677199999999996,3.81932,10.06102,9.04188,10.21433
X92074,1,6.760560000000001,3.07309,5.16782,13.4672,13.18724,3.8717099999999998,3.7664,5.804119999999999,13.731229999999998,13.73691,12.979519999999999,13.604579999999999,6.09592,13.32175,4.19775,3.76689,3.9431300000000005,9.97846,9.66405,10.844439999999999
X92071,1,9.5915,3.5430599999999997,5.16697,13.64935,13.467789999999999,3.65645,3.5034099999999997,5.86981,13.340779999999999,13.81502,13.12514,13.805220000000002,7.2161,13.57364,3.9492,3.8140400000000003,3.64468,10.520010000000001,9.24821,10.29836
X92065,1,5.96152,3.27244,5.81749,12.93812,12.61502,3.7604599999999997,3.7806599999999997,5.85095,13.20565,12.96326,12.38748,12.84127,6.657139999999999,13.370429999999999,3.6448099999999997,3.8185599999999997,4.08164,12.8498,10.6228,12.00773
X92004,1,8.76453,4.091080000000001,4.65444,13.03477,12.70876,3.72265,3.4306699999999997,5.87371,13.22766,13.52786,12.83111,13.48141,4.92584,13.2301,4.08599,3.7653199999999996,3.6015800000000002,10.61524,9.837489999999999,11.03769
X92003,1,8.06508,2.97471,5.32723,13.62318,13.39595,3.76626,3.35339,6.18007,13.53151,13.453129999999998,12.692680000000001,13.34123,7.34877,13.54129,4.243,3.5997800000000004,3.86695,10.686119999999999,8.86532,9.85087
X86058,1,6.49523,3.4492199999999995,4.63736,13.814789999999999,13.679789999999999,4.13151,3.5674699999999997,6.58047,13.29145,13.894829999999999,13.26019,13.870079999999998,5.17276,13.48119,3.93185,3.92723,3.6000900000000002,10.7563,9.556939999999999,10.30472
X70148,1,5.42161,2.95907,5.84096,13.79902,13.64538,3.8917800000000002,3.68751,6.55668,13.152439999999999,13.48412,12.8229,13.41429,8.27045,13.6992,4.14762,3.56786,3.7134699999999996,10.3442,8.687489999999999,9.732289999999999
X70135,1,7.46457,3.5667400000000002,5.2967900000000006,14.09255,13.91799,3.73291,3.25778,5.99083,13.40441,13.82117,13.0755,13.70116,7.48913,13.34655,3.8422,3.7736099999999997,4.46199,10.33888,8.66527,9.61374
X70125,1,6.53129,3.10268,5.16717,13.40065,13.16397,3.58313,3.4295,6.0149,13.40579,13.119779999999999,12.39373,13.01235,5.58577,12.87763,4.21851,3.7507900000000003,3.9523,10.02322,9.50667,10.28391
X70124,1,6.02435,3.11427,4.893009999999999,13.45285,13.294839999999999,3.98979,3.242,6.275,13.775329999999999,13.479000000000001,12.58773,13.40107,5.56885,13.2342,4.34877,3.6154699999999997,4.17285,11.06995,9.13217,10.063939999999999
X70123,1,5.17249,3.36679,4.790780000000001,13.67706,13.58891,3.4960000000000004,3.45539,5.76425,13.72984,13.71205,13.0113,13.637839999999999,6.40559,13.40705,3.7423900000000003,3.8228400000000002,3.79299,9.046289999999999,8.94529,9.60105
X70119,1,8.42445,3.4539199999999997,5.20578,13.252320000000001,13.06594,3.5851699999999997,3.43833,5.90873,13.48903,13.305320000000002,12.50268,13.244000000000002,5.76816,13.12742,4.04044,3.6646300000000003,4.08739,11.21145,9.32714,10.08942
X70118,1,5.028919999999999,3.18201,4.95214,13.599260000000001,13.38445,3.7312199999999995,3.48878,6.21022,13.566410000000001,13.79941,12.9979,13.70094,6.34616,13.91705,3.9166300000000005,4.1352199999999995,3.67575,9.98967,8.66805,9.58879
X70115,1,8.29572,3.1792700000000003,6.79295,13.53972,13.34498,3.68247,3.56972,6.09877,13.6173,13.61406,12.87546,13.52641,5.95104,13.433689999999999,3.68125,3.91244,3.8730800000000003,11.05741,9.12761,10.06666
X70107,1,6.981489999999999,3.25645,4.9326,13.44031,13.24195,3.49798,3.2784199999999997,6.290719999999999,13.00169,13.353729999999999,12.46759,13.18251,5.27693,12.97983,3.85189,3.7795900000000002,3.84654,10.58789,9.087710000000001,10.37239
X70103,1,6.52261,3.15774,4.826309999999999,13.34574,13.12315,3.5185199999999996,3.4427300000000005,6.72415,13.538870000000001,13.362820000000001,12.6103,13.248520000000001,6.63243,13.135810000000001,3.82176,3.92341,3.52021,8.69979,9.50606,10.34683
X70102,1,8.479560000000001,2.95464,6.02671,13.20364,12.85068,3.2838199999999995,3.3151599999999997,6.02926,13.53946,13.343470000000002,12.59512,13.246889999999999,6.09065,13.12103,4.21612,3.64046,4.18931,8.48498,9.80062,11.16505
X70100,1,8.34978,3.1657599999999997,4.85555,12.7075,12.27203,3.65023,3.87131,6.2009300000000005,13.20393,13.26945,12.60415,13.20161,6.20895,12.69593,4.101369999999999,4.18061,3.71319,12.1855,8.7935,9.56166
X70088,1,7.0728,3.2153,4.270919999999999,13.382179999999998,13.09464,4.03946,3.7860199999999997,6.27913,13.61405,13.57375,12.81665,13.532929999999999,6.47454,13.34092,4.16819,3.9756400000000003,3.7876800000000004,9.80584,7.462210000000001,8.050989999999999
X70086,1,8.41882,3.3353800000000002,5.42209,13.410779999999999,13.15148,3.58716,3.5341099999999996,5.8616,13.58428,13.59171,12.87308,13.530079999999998,5.63917,13.49354,3.8214300000000003,3.7663800000000003,3.79673,9.6301,8.64747,9.42022
X70077,1,7.28285,3.21092,4.99024,13.54646,13.38649,3.6903099999999998,3.64775,6.54049,13.68472,13.73811,13.0064,13.68402,6.3473,13.64095,4.33179,3.94496,3.99643,9.30824,9.8529,11.27625
X70054,1,7.661010000000001,3.15299,5.92769,13.52556,13.32434,3.52127,3.6177300000000003,6.34697,13.498879999999998,13.3728,12.67075,13.295110000000001,5.91284,13.460460000000001,4.06122,3.9538300000000004,3.9306699999999997,10.70545,6.86782,7.727130000000001
X70049,1,8.00413,3.69463,3.83587,13.55378,13.41054,4.11139,3.96794,6.20472,13.53335,13.9442,13.36535,13.985029999999998,5.2960199999999995,13.536320000000002,4.83878,3.91235,4.00552,10.5636,7.406000000000001,8.5763
X70048,1,6.935289999999999,3.3762800000000004,5.27385,13.553339999999999,13.420729999999999,3.9543699999999995,3.79451,6.26653,13.68941,13.806029999999998,12.98732,13.69645,6.13744,13.511479999999999,4.2100800000000005,3.9866099999999998,4.07883,9.95071,9.277289999999999,9.82204
X70045,1,6.27379,3.3635699999999997,4.7915,13.68479,13.45081,4.152,3.8459,6.42491,12.829369999999999,13.60278,12.85153,13.559289999999999,8.331439999999999,13.25557,4.36569,3.9581699999999995,3.90214,8.52011,8.63446,9.732439999999999
X70039,1,5.25709,3.01951,5.0601199999999995,13.16218,12.729339999999999,3.6018199999999996,3.25923,6.12244,13.51389,13.170179999999998,12.33425,13.0096,7.61953,13.10101,4.06792,3.83121,4.31187,8.12921,7.92415,9.02772
X70005,1,7.91909,3.33931,5.38464,13.92653,13.722920000000002,3.84859,3.50544,5.99075,14.08218,13.66116,12.97292,13.62035,8.04823,13.1953,4.2359800000000005,4.24035,3.9626699999999997,11.84005,8.162560000000001,9.086910000000001
X70003,1,6.79024,3.34383,5.28482,13.58336,13.37212,3.73881,3.39649,5.99138,13.8205,13.64661,12.9315,13.585220000000001,8.307889999999999,13.137429999999998,4.16858,4.162380000000001,4.68465,10.20134,7.87148,8.701889999999999
X60318,1,7.58385,3.0978,5.51674,13.78858,13.51935,4.09475,3.36226,5.81133,13.28475,13.387329999999999,12.650839999999999,13.3148,9.25558,12.978660000000001,4.290830000000001,4.26369,3.7587599999999997,11.244010000000001,8.63615,9.46602
X60258,1,9.153039999999999,3.27218,5.97104,13.14885,12.735389999999999,3.7996,3.42584,6.63753,13.30202,13.140889999999999,12.61223,13.07189,7.90233,12.74623,4.149830000000001,4.1014800000000005,3.94571,11.22725,8.4139,9.12478
X60228,1,6.26513,3.28065,6.07346,14.00695,13.98905,3.56315,3.6291,6.52407,13.3922,13.95164,13.21996,13.848820000000002,9.90202,13.65714,4.1794400000000005,4.073230000000001,4.43473,10.07483,6.69112,6.93012
X60214,1,10.823080000000001,3.4166,4.9694400000000005,13.606810000000001,13.423470000000002,3.86524,3.44245,7.07707,13.837639999999999,13.43344,12.66948,13.2819,6.20943,13.3861,3.91584,3.66474,3.69242,11.22107,9.44104,10.40584
X60211,1,5.396380000000001,3.32303,4.348330000000001,13.27271,13.02068,3.6984,3.72296,6.30866,13.45188,13.852260000000001,13.191070000000002,13.81533,7.75145,13.440879999999998,3.86697,3.7051800000000004,3.85386,10.60351,8.7896,9.45985
X60188,1,6.0479400000000005,3.16982,5.10593,13.137889999999999,12.7431,3.7696,3.5594900000000003,5.97789,13.537720000000002,13.4205,12.69082,13.2683,6.100969999999999,12.85176,4.14114,4.08322,4.10038,10.45049,9.88219,10.75997
X60181,1,11.433710000000001,3.9224699999999997,5.65881,13.46277,13.242189999999999,3.74375,3.4373099999999996,6.01396,13.76382,13.506960000000001,12.84457,13.4576,5.1765099999999995,13.60449,4.09356,3.7646300000000004,3.6447599999999998,8.09372,8.10847,9.01604
X60180,1,8.73189,3.26898,6.570819999999999,13.69619,13.4791,3.23494,3.4301199999999996,5.83355,13.810170000000001,13.984060000000001,13.27299,13.903170000000001,7.33581,13.655320000000001,3.8388,3.57186,3.4276800000000005,9.10677,7.8064800000000005,8.913889999999999
X60175,1,10.11537,3.7436599999999998,6.12629,13.98604,14.019620000000002,3.6720099999999998,3.51631,5.64192,13.81889,13.97761,13.4383,14.00182,7.87109,13.982170000000002,4.05028,4.03295,3.79244,9.513580000000001,6.44143,6.76265
X60174,1,6.13272,3.4605599999999996,4.36301,13.67285,13.59666,3.7374099999999997,3.5181199999999997,5.81766,13.677760000000001,13.6886,13.02755,13.63756,6.55422,14.0274,4.02435,3.7923,3.91695,8.47752,5.50239,6.6747
X60169,1,7.23682,3.29185,4.51823,13.74296,13.56915,3.50487,3.27278,5.8545300000000005,13.75484,13.90735,13.252720000000002,13.89088,6.1752,13.760879999999998,3.83541,3.75245,3.8574599999999997,8.25721,8.44474,9.32117
X60163,1,5.59279,3.18698,4.22159,13.829579999999998,13.6186,4.27269,4.9049,8.065380000000001,13.33866,13.837629999999999,13.19556,13.672020000000002,5.712330000000001,12.96551,3.9042,4.01698,3.9770800000000004,9.39804,7.763889999999999,8.44033
X60148,1,6.28759,3.27045,5.44066,13.86486,13.70488,4.24372,3.47856,6.14213,13.71628,13.879320000000002,13.1958,13.8191,5.881880000000001,13.57458,4.19393,3.6578199999999996,3.8774800000000003,7.30495,6.55495,7.5355300000000005
X60135,1,7.213010000000001,3.23368,3.4831800000000004,13.60265,13.37088,3.71412,3.48697,5.70638,13.5226,13.48841,12.72429,13.418779999999998,6.27586,13.958779999999999,4.26014,4.011830000000001,4.10875,9.49351,7.35217,8.22119
X60111,1,9.78326,3.4023,6.58905,13.83963,13.7293,3.83554,3.7830800000000004,6.830210000000001,13.66076,14.099110000000001,13.4397,14.09087,9.45354,13.63621,3.9857099999999996,4.0644,3.9039900000000003,8.43218,8.6274,9.59113
X60107,1,6.3828,3.3423199999999995,4.84028,14.03955,13.85149,4.07114,3.45851,6.03229,12.7233,13.588920000000002,12.965530000000001,13.599479999999998,5.85963,13.376729999999998,5.06239,3.81356,4.00139,11.449539999999999,8.22456,8.82124
X60102,1,7.60077,3.4312400000000003,5.602519999999999,13.4427,13.20094,3.99813,3.39897,6.52224,13.703870000000002,13.40145,12.64374,13.36765,8.78608,13.38861,4.33919,3.47664,3.66931,12.68557,7.08995,7.923889999999999
X60091,1,10.6646,3.5023800000000005,5.48806,13.564029999999999,13.3066,3.8607699999999996,3.4367,6.00352,13.08168,13.37181,12.64741,13.27007,5.13667,13.194410000000001,3.9241599999999996,3.72874,3.7646800000000002,11.51626,9.4969,10.334430000000001
X60090,1,7.530639999999999,3.23844,4.1493199999999995,13.98789,13.84976,4.05224,3.41644,6.7037,13.44246,13.823170000000001,13.116620000000001,13.762170000000001,5.89412,13.40821,4.00241,4.2742,4.00063,10.76558,8.45252,8.884960000000001
X60067,1,8.859860000000001,3.30706,5.0978699999999995,13.82054,13.61015,3.9142,3.3237400000000004,6.10289,13.630889999999999,13.754079999999998,13.09056,13.80219,5.722180000000001,13.38035,4.62361,3.87379,4.55159,10.50332,9.338510000000001,10.55161
X60066,1,5.8650199999999995,2.8227900000000004,6.48156,13.877189999999999,13.7439,3.88847,3.66005,5.95331,13.703029999999998,13.91456,13.23877,13.878879999999999,7.80881,13.296529999999999,4.18122,3.7489199999999996,3.8212599999999997,11.07714,8.44534,9.00705
X60065,1,5.61487,3.4020599999999996,6.059080000000001,13.29945,13.16554,4.28086,3.6255599999999997,6.51644,12.38931,12.76499,12.075439999999999,12.74349,9.97682,12.49644,4.34311,4.04959,5.00931,9.9887,8.26607,9.20696
X60049,1,8.03883,3.48389,6.07996,13.493360000000001,13.326429999999998,3.7286,3.1225400000000003,5.79968,13.3607,13.67048,12.97622,13.578579999999999,7.602760000000001,13.345320000000001,4.06784,3.7461599999999997,3.7338400000000003,9.84694,8.18092,9.051689999999999
X60048,1,7.527239999999999,3.1445,4.57951,13.848139999999999,13.65059,3.7016199999999997,3.10955,6.19249,12.94763,13.47892,12.68389,13.31182,6.143,13.4578,3.6120900000000002,3.73319,3.73969,10.845930000000001,8.56212,9.352260000000001
X60024,1,5.26952,3.2101,3.61708,13.493620000000002,13.13021,4.353330000000001,3.96955,7.860239999999999,13.06537,13.156320000000001,12.102219999999999,13.12575,7.085660000000001,12.89253,5.38451,3.63271,4.011830000000001,11.5663,7.61775,8.126610000000001
X60020,1,7.36665,3.32116,5.81993,13.566579999999998,13.31487,3.77104,3.3617,5.87589,13.44594,12.9158,12.17667,12.79697,7.86768,13.35121,3.75103,3.50693,3.6027199999999997,11.62405,8.7659,9.48826
X60016,1,6.1292800000000005,3.20744,4.0938300000000005,13.528260000000001,13.28844,4.0705,3.38636,6.17016,13.70682,13.6198,12.94933,13.59237,6.02007,13.29855,5.06096,3.9922800000000005,4.28368,10.73323,8.89886,10.23245
X582,1,7.583760000000001,3.239,5.2483,13.790189999999999,13.57988,3.81052,3.31316,6.1300300000000005,13.62659,13.668970000000002,12.95531,13.57557,5.31249,12.7897,3.76758,3.5093900000000002,3.88479,11.85598,9.10602,10.13712
X580,1,7.209239999999999,2.84575,5.83755,13.8282,13.58409,3.78557,3.4269199999999995,5.974480000000001,13.27176,13.632489999999999,13.020539999999999,13.531670000000002,7.41316,13.22824,3.72115,4.23915,3.9230699999999996,10.22233,9.033489999999999,9.81644
X575,1,8.90489,3.15801,4.404780000000001,13.33417,12.964319999999999,3.6509699999999996,3.47793,6.08406,13.439129999999999,13.622620000000001,12.939969999999999,13.55085,5.63925,13.214120000000001,3.8061300000000005,3.79146,4.02758,11.82964,9.551860000000001,10.4242
X574,1,7.91891,3.38901,3.8868,13.55025,13.313670000000002,3.8541800000000004,3.71461,6.903580000000001,13.4858,13.75835,12.96177,13.67084,6.44117,13.49364,4.2019400000000005,3.77671,3.88364,10.34798,8.67089,9.54047
X570,1,9.626489999999999,3.4684,4.5785800000000005,13.837639999999999,13.61849,4.0896,3.39365,6.7294,13.7157,13.757670000000001,13.07654,13.69864,6.18567,13.317329999999998,3.98124,3.86806,3.7848,10.39517,8.83922,10.006739999999999
X563,1,8.67971,3.1581799999999998,5.01967,13.962270000000002,13.82833,3.6448400000000003,3.39485,5.8442300000000005,13.99165,13.93269,13.225389999999999,13.942910000000001,6.1955,13.336229999999999,4.50571,3.98653,4.17397,10.04965,8.85823,9.96016
X561,1,9.3776,3.3416,4.7637,13.93561,13.71815,3.7441,3.25853,5.94311,13.329279999999999,13.57291,12.82339,13.53395,5.455419999999999,13.25716,4.09011,3.7576400000000003,4.64275,11.2435,9.00038,9.877510000000001
X558,1,5.9793400000000005,3.3841,4.983969999999999,13.52167,13.36762,3.6508300000000005,3.3185300000000004,5.948519999999999,13.30689,13.404179999999998,12.63817,13.29371,7.749280000000001,13.28761,4.15637,4.27646,3.81811,10.77116,7.530010000000001,8.29778
X552,1,7.6094100000000005,3.1999299999999997,5.31312,13.607820000000002,13.398229999999998,3.51301,3.16735,5.836180000000001,13.77917,14.022920000000001,13.36038,13.8898,5.1287,13.08878,4.0333,3.77619,3.84575,9.8415,9.569989999999999,10.36393
X550,1,6.598610000000001,3.03729,4.96755,13.734929999999999,13.51315,3.69651,3.82966,6.23836,13.4833,13.413520000000002,12.5242,13.292829999999999,6.32075,13.18123,4.46969,4.23791,5.93154,9.81858,9.98847,10.92693
X541,1,7.03264,2.94068,6.01055,13.29711,13.022739999999999,4.42836,3.72715,6.74839,13.503820000000001,13.41397,12.55799,13.241370000000002,6.41076,13.34515,3.94043,3.72893,3.67715,11.97947,9.3992,10.2875
X536,1,7.489330000000001,3.16062,5.0734699999999995,13.779029999999999,13.540529999999999,4.23693,3.50432,5.78899,13.80165,13.65189,13.02691,13.67244,5.2692,13.18015,4.19624,4.04988,3.80551,10.55868,9.04676,9.6642
X533,1,9.14737,3.26389,6.19506,13.92159,13.89625,3.7143699999999997,3.6775599999999997,6.25481,13.827179999999998,13.754729999999999,13.06323,13.634429999999998,7.203289999999999,13.69171,4.08019,3.76056,3.8263599999999998,9.98482,9.018310000000001,9.998489999999999
X532,1,7.617439999999999,3.18506,5.428719999999999,13.40518,13.1579,3.8281,3.3555,6.19806,13.83014,13.554310000000001,12.72795,13.604370000000001,6.84285,13.246670000000002,4.39285,3.8611400000000002,4.27583,8.51184,8.710180000000001,9.9733
X525,1,7.73118,3.48055,5.35438,13.94955,13.78752,3.58695,3.61321,6.13831,13.487570000000002,14.13591,13.55056,14.06349,6.52286,13.676639999999999,3.95436,3.8761300000000003,4.04247,8.863389999999999,8.20163,9.252939999999999
X523,1,5.98036,3.59343,4.8209,13.389129999999998,13.1752,3.41393,3.39921,6.1031699999999995,13.42041,13.59956,12.93406,13.52491,8.80048,13.451260000000001,4.21322,3.90001,3.7543599999999997,11.3737,8.6121,9.91912
X516,1,5.83798,3.2498099999999996,5.814830000000001,13.589739999999999,13.342070000000001,3.72574,3.3814900000000003,5.682,13.552570000000001,13.59423,12.78385,13.54545,5.5821,13.22204,3.8199,3.3505,3.8232199999999996,10.37456,9.46275,10.69196
X512,1,7.65345,3.05228,4.6546199999999995,13.258870000000002,13.11801,3.4943199999999996,3.5306699999999998,5.91424,13.228660000000001,13.456760000000001,12.81995,13.271970000000001,6.97422,13.28868,4.0743,3.91174,4.37328,11.179969999999999,8.69084,9.81001
X511,1,8.27727,3.08855,5.8156099999999995,13.37936,13.06935,3.60258,3.33216,6.06192,13.418579999999999,13.32165,12.59832,13.276539999999999,6.94349,13.11028,4.01572,3.57424,4.16285,9.737160000000001,10.121319999999999,10.84136
X51171,1,6.92773,3.1606799999999997,5.29364,13.39047,13.16045,3.8469,3.4552,6.26406,13.85466,13.678379999999999,12.989510000000001,13.64683,8.41767,13.223479999999999,4.27685,3.83521,5.223990000000001,10.32655,8.41668,9.41324
X51125,1,5.660909999999999,3.10737,4.78245,13.21783,12.937610000000001,3.79293,3.55825,6.299930000000001,13.60113,13.51024,12.78162,13.433320000000002,6.76041,13.01233,4.02581,3.7189,3.9140900000000003,11.3647,9.54125,10.61448
X51104,1,9.699760000000001,3.1762900000000003,6.93208,13.60433,13.491520000000001,3.4805099999999998,3.4567,5.75469,13.871579999999998,13.85506,13.15845,13.80519,8.076789999999999,13.96515,3.76546,3.9131199999999997,3.50924,8.40398,8.20472,8.84942
X510,1,7.803910000000001,3.31805,5.44477,13.41451,13.2491,3.4270199999999997,3.3163400000000003,6.128430000000001,13.74738,13.541129999999999,12.86116,13.4992,6.49633,12.9334,4.29875,3.8649,4.11346,10.785839999999999,7.65314,8.61882
X51093,1,8.144039999999999,3.21663,6.09836,13.766770000000001,13.59649,3.5895599999999996,3.48415,5.7477599999999995,13.461379999999998,13.871170000000001,13.195929999999999,13.79439,6.10203,13.680470000000001,3.74157,4.11293,3.5023400000000002,10.46906,8.92635,10.02934
X51086,1,5.30119,2.87187,5.5117,13.387570000000002,13.129660000000001,3.96445,3.51905,5.75822,13.502870000000001,13.38372,12.69633,13.363920000000002,5.09106,13.213120000000002,3.6993,3.91353,3.50446,11.340069999999999,10.35501,11.02571
X51083,1,8.27272,3.13204,5.81939,13.702820000000001,13.479610000000001,3.49805,3.8572800000000003,5.73946,13.84443,13.85333,13.2018,13.81165,6.0088,13.70694,4.11374,4.30853,3.73651,10.40421,8.26805,8.985389999999999
X51080,1,6.611910000000001,2.96415,6.5522,13.321639999999999,13.08433,3.4838,3.51995,5.5740099999999995,13.580079999999999,13.320129999999999,12.59517,13.20536,9.56235,13.107270000000002,4.01337,3.9320699999999995,3.8824199999999998,9.96671,8.5972,9.31754
X51062,1,8.202210000000001,3.3515300000000003,4.26162,13.33055,13.120020000000002,3.8025,3.3622099999999997,6.30935,13.47359,13.6125,12.868039999999999,13.4523,7.99085,13.150210000000001,4.35436,4.3781,4.29528,10.64555,8.00596,8.06945
X51053,1,9.65901,4.3738,4.40998,13.7269,13.61015,4.39909,3.91238,7.17438,13.346789999999999,13.794070000000001,13.000689999999999,13.74859,6.68198,13.36161,4.1444,3.7800300000000004,3.83123,11.68807,8.81131,9.482280000000001
X51016,1,7.8232800000000005,3.30194,5.28915,13.431070000000002,13.27464,3.7599400000000003,3.54253,6.04871,13.61169,13.54176,12.6295,13.4195,7.3448,13.04364,4.06506,4.08524,4.05973,10.553360000000001,9.19218,10.13384
X51005,1,5.854769999999999,3.25124,4.20578,13.41184,13.13018,3.9246,3.5940800000000004,5.95105,13.30149,13.27486,12.428410000000001,13.1711,6.20486,13.23595,3.84867,3.85474,3.8019300000000005,10.83372,9.33307,10.70077
X507,1,5.75738,3.0544,5.65184,13.7099,13.453479999999999,3.5219,3.1878900000000003,5.651009999999999,13.15277,13.462470000000001,12.69448,13.397829999999999,6.5771,13.13858,3.9219699999999995,3.52121,3.62445,9.347430000000001,9.982280000000001,11.18672
X502,1,7.905069999999999,3.1452,4.787730000000001,13.72909,13.583979999999999,3.77414,3.61465,5.9949900000000005,13.25341,13.581170000000002,12.879719999999999,13.5098,8.79166,13.35351,4.18866,3.9554400000000003,3.826,10.25581,8.789019999999999,9.4341
X500,1,10.13417,3.7116,5.54739,13.731779999999999,13.57182,3.71562,3.31819,5.87566,12.97763,13.6908,13.04223,13.607629999999999,7.33415,13.35433,3.97304,3.5715,3.91225,12.0091,9.12035,10.155660000000001
X49,1,5.48649,3.29891,4.64867,13.57119,13.33658,3.73585,3.37376,5.8634699999999995,13.384620000000002,13.40492,12.592130000000001,13.246179999999999,5.87019,13.1748,3.9878199999999997,3.65049,3.6176800000000005,11.0731,8.20691,8.88648
X498,1,8.27184,3.0615799999999997,5.38598,13.643720000000002,13.4376,3.68042,3.3790199999999997,5.71014,13.77876,13.576189999999999,12.85759,13.52019,7.4928,13.43281,4.2248,3.9428199999999998,3.7280699999999998,10.00858,8.88108,9.93443
X496,1,8.356489999999999,3.3132300000000003,4.60642,13.32161,13.155389999999999,4.25936,3.80971,6.17837,13.62536,13.4339,12.70465,13.316479999999999,8.30604,14.000279999999998,4.15145,3.99335,3.63885,10.98471,6.2633,7.08835
X493,1,7.3730199999999995,3.34352,6.28303,13.23737,12.98568,3.3908400000000003,3.5511699999999995,5.769419999999999,13.561520000000002,13.547279999999999,12.84523,13.4434,6.7990699999999995,12.92406,4.02995,3.8086599999999997,3.79112,10.11952,9.09372,10.06862
X490,1,8.03647,3.19213,5.57763,13.602139999999999,13.43489,3.89815,3.33854,6.346,13.473429999999999,13.756260000000001,13.097380000000001,13.73347,7.19469,13.5675,4.09656,3.78859,4.02799,9.18577,9.20009,10.27997
X488,1,6.916060000000001,3.32188,5.88028,13.31417,12.9749,3.67171,3.60667,6.3539,13.566889999999999,13.39654,12.68863,13.349310000000001,5.40334,13.25955,4.19358,3.8496599999999996,3.83736,10.97816,8.59832,9.18688
X487,1,6.51204,3.17328,5.35646,13.46716,13.18949,4.03265,3.55385,6.10652,13.26385,13.376370000000001,12.52234,13.28594,6.13846,13.493529999999998,4.04115,3.7667699999999997,4.03112,12.07386,9.148610000000001,10.59582
X485,1,10.367469999999999,3.3870199999999997,6.05387,13.70372,13.54553,3.59073,3.3741199999999996,5.74221,13.55173,13.79962,13.09341,13.74784,6.080080000000001,13.392339999999999,3.91687,3.73239,3.9126300000000005,10.47255,9.16474,10.479289999999999
X484,1,5.87014,3.18047,4.52465,13.63494,13.5045,3.59631,3.7444900000000003,6.5636,13.67429,13.769029999999999,13.05682,13.70631,8.9274,13.776620000000001,4.24418,3.9350699999999996,3.9825,8.35182,8.172139999999999,9.09903
X479,1,6.860130000000001,3.25845,5.59869,13.408539999999999,13.15325,3.7766,3.65867,5.94231,13.30836,13.609739999999999,12.76789,13.5254,6.14913,13.297170000000001,4.02911,4.25002,4.19081,10.94619,9.53227,10.44557
X474,1,7.27901,3.26301,6.55899,13.253429999999998,12.93829,3.4123900000000003,3.3761,5.645569999999999,13.83441,13.692960000000001,12.91054,13.59309,6.819260000000001,13.176620000000002,3.66145,3.9840199999999997,4.10996,9.503789999999999,9.064210000000001,10.16808
X469,1,7.9630600000000005,3.08574,5.3520900000000005,13.17433,12.92309,3.61424,3.4695400000000003,5.71277,13.64427,13.52995,12.76202,13.44004,6.55917,13.423670000000001,3.8988400000000003,3.6738699999999995,3.93433,11.59719,7.35685,8.101280000000001
X459,1,5.3432900000000005,3.22531,4.45336,13.92725,13.82114,3.95209,3.80035,6.34698,13.551160000000001,13.86135,13.145929999999998,13.89701,6.98613,13.532770000000001,3.88493,3.61416,4.21628,10.6805,7.72355,8.752180000000001
X457,1,6.7237800000000005,3.66771,5.65889,13.15259,12.89301,4.09545,3.6602900000000003,7.76072,13.655289999999999,13.355789999999999,12.47302,13.18961,6.68118,13.231760000000001,3.98383,3.70796,3.89909,12.41031,9.88103,10.71936
X450,1,8.34849,3.0243,4.89394,13.548379999999998,13.377460000000001,3.6433699999999996,3.52673,6.1224099999999995,13.89347,13.549170000000002,12.834539999999999,13.44231,5.60572,13.59285,3.92844,3.44368,3.6905300000000003,10.41574,9.7741,11.09941
X445,1,8.26334,3.01852,5.07581,13.675120000000001,13.43361,3.34286,3.19282,5.65214,13.114220000000001,13.40591,12.47782,13.25876,6.47686,13.19501,3.7817300000000005,3.59576,3.81186,11.16308,9.617560000000001,10.452169999999999
X44428,1,8.884730000000001,2.99479,6.804939999999999,14.02945,13.87791,3.5712,3.61821,6.063969999999999,13.643120000000001,13.83589,13.20367,13.81228,6.5628899999999994,13.36121,4.0843300000000005,3.9872900000000002,4.6955800000000005,6.76231,7.44185,9.02347
X44417,1,5.96065,3.0931599999999997,3.9125300000000003,13.25959,13.06142,3.80838,3.903,6.810960000000001,13.180760000000001,13.25026,12.46313,13.07446,6.28456,13.109829999999999,3.96907,3.82067,3.66776,9.878169999999999,9.81672,10.46583
X44377,1,5.79711,3.24673,5.41881,13.47473,13.27864,3.51356,3.59975,5.8438099999999995,12.92405,13.31719,12.535,13.192260000000001,7.83622,13.476779999999998,3.8973699999999996,4.1568,3.8816300000000004,10.74589,8.18603,8.79363
X44366,1,8.81219,3.29466,4.763330000000001,13.5359,13.32823,3.96558,3.5776800000000004,6.34237,13.47669,13.570960000000001,12.865089999999999,13.51879,5.78964,13.33862,4.07581,3.8860300000000003,3.9293400000000003,11.6511,11.135710000000001,12.35317
X44349,1,7.387989999999999,3.20312,4.54865,13.2508,12.98212,3.9548699999999997,3.60679,6.3017199999999995,13.549270000000002,13.7265,12.94219,13.65886,5.456580000000001,13.1776,3.84254,3.9572800000000004,3.7154199999999995,8.79263,10.103439999999999,11.04128
X44341,1,7.328010000000001,3.13545,5.2181,13.469829999999998,13.229070000000002,4.11463,3.42803,6.0337,13.452110000000001,13.29026,12.45991,13.106,6.02744,12.95663,3.8547599999999997,3.8140699999999996,3.8548199999999997,8.58285,9.99323,11.02512
X44306,1,8.64687,3.6318599999999996,3.6566400000000003,13.425270000000001,13.27684,3.8913900000000003,3.72871,6.237509999999999,13.576670000000002,13.807,13.1408,13.773470000000001,5.93082,13.317329999999998,4.0846,4.3419,3.93057,8.2218,7.22509,7.70281
X44303,1,5.59563,3.52806,5.41669,13.28335,13.0423,3.63615,3.3599900000000003,5.87179,13.61931,13.6398,12.912989999999999,13.56335,5.30932,13.22495,3.9884800000000005,3.8045199999999997,4.0521199999999995,8.13734,9.39857,10.37786
X44288,1,6.82959,3.13735,5.69347,13.509429999999998,13.302489999999999,3.5476099999999997,3.48748,6.07655,13.4132,13.444120000000002,12.595,13.29706,6.69274,13.033710000000001,3.6871,3.75684,3.8140400000000003,10.95828,9.20975,10.55538
X44286,1,6.789,3.46852,5.98075,13.983920000000001,13.82269,3.7216099999999996,3.6458699999999995,6.0894699999999995,13.66373,13.97083,13.4422,13.91165,7.99856,13.66102,4.2047,3.87837,4.60691,10.76135,8.74569,9.88991
X44285,1,6.055540000000001,2.9087400000000003,4.2960400000000005,12.78321,12.572519999999999,3.75599,3.45974,5.6219,13.367629999999998,13.24027,12.39775,13.1803,5.2404,12.90065,4.1018300000000005,3.80535,3.8771400000000003,8.42013,9.97967,10.81483
X44242,1,11.7669,5.31046,4.31744,13.67869,13.48506,3.86364,3.8333699999999995,6.270980000000001,13.55771,13.86939,13.14649,13.83053,8.17515,13.461479999999998,3.93476,3.94058,3.89505,9.81409,7.0530100000000004,7.673360000000001
X44234,1,7.129289999999999,3.28325,5.33172,13.34942,13.13972,3.6966300000000003,3.5046699999999995,6.317480000000001,13.43116,13.39011,12.75633,13.37001,6.38554,13.28664,4.05281,4.03025,3.78917,9.40496,9.44586,10.657689999999999
X44219,1,7.802810000000001,3.17481,5.985869999999999,14.22995,14.089129999999999,4.13431,3.3304300000000002,6.25711,13.62699,14.2518,13.591029999999998,14.150079999999999,6.283519999999999,13.634089999999999,4.13174,3.94706,3.88445,11.5275,9.59874,10.998489999999999
X44196,1,11.77392,3.4670300000000003,6.312869999999999,13.888729999999999,13.728060000000001,4.20509,3.7491,7.16626,13.65095,14.060629999999998,13.356520000000002,14.00179,9.59619,13.668170000000002,3.8086300000000004,3.9644800000000004,3.75291,8.62588,7.620610000000001,8.6624
X44192,1,6.581639999999999,3.3139999999999996,5.94032,13.579320000000001,13.30352,3.6573599999999997,3.65939,6.49825,13.345279999999999,13.621189999999999,12.88364,13.569579999999998,8.76653,13.42715,4.15552,3.96697,4.16787,10.04725,7.81256,7.738339999999999
X44189,1,7.142589999999999,3.08891,6.15681,13.18966,12.933580000000001,3.63994,3.3088900000000003,6.04018,13.31768,13.63684,12.92864,13.55301,7.1376,13.232879999999998,3.7125199999999996,3.9067800000000004,3.91741,9.24463,9.247819999999999,10.40372
X44186,1,7.427689999999999,3.0354200000000002,6.25119,13.56688,13.37899,3.46409,3.1964099999999998,6.0969,13.30519,13.647429999999998,12.9406,13.58661,6.13229,13.29234,4.21454,3.77852,3.7205699999999995,12.28295,8.779639999999999,9.99189
X44163,1,5.7998,3.02956,5.98385,12.93958,12.686119999999999,3.6894699999999996,3.46519,5.636769999999999,13.55529,13.601189999999999,12.78223,13.53545,8.79067,12.7864,3.9659400000000002,3.95281,3.79725,10.8348,9.89897,10.61228
X44110,1,5.97441,3.2492099999999997,4.94992,12.92896,12.65448,3.75052,3.3246800000000003,5.85352,12.87237,13.18144,12.38123,13.162889999999999,5.0983,13.07825,4.52475,3.9206,4.13099,11.18587,9.403780000000001,10.60409
X44102,1,5.5032,3.06795,4.91003,13.37124,13.08024,3.7922,3.1359,5.96264,12.615969999999999,12.84492,12.22297,12.62918,7.455889999999999,12.76065,4.26609,3.64497,3.70116,10.61698,8.319230000000001,9.10534
X440,1,6.1328,3.0733200000000003,4.88272,13.732070000000002,13.505120000000002,3.59,3.1383900000000002,5.94131,13.54195,13.67099,12.9723,13.64979,6.5247,13.302970000000002,4.63167,4.09269,3.9283099999999997,10.65338,9.51008,10.269260000000001
X44090,1,6.4839,3.3896900000000003,4.92905,13.2781,13.008239999999999,3.93141,3.43781,6.23329,13.443810000000001,13.10554,12.46785,13.10507,6.46437,13.18954,4.10387,3.84925,3.88887,10.79616,8.812560000000001,9.76463
X44087,1,10.37411,4.3415099999999995,4.14701,13.41675,13.191629999999998,3.7862699999999996,3.17817,5.80516,13.442789999999999,13.35333,12.723180000000001,13.310089999999999,7.84616,13.633270000000001,3.8056900000000002,3.8821199999999996,3.8682300000000005,9.886289999999999,8.42506,9.43308
X44080,1,7.12432,3.4946300000000003,5.80585,13.379589999999999,13.1074,3.9649,3.3906300000000003,5.81785,13.738270000000002,13.5427,12.819180000000001,13.446320000000002,6.79903,13.61721,4.24596,3.84743,3.8043699999999996,10.72872,9.97823,11.01137
X44078,1,7.558110000000001,3.3695699999999995,3.6761800000000004,13.726989999999999,13.50266,4.25775,3.94395,6.65228,13.208929999999999,13.473889999999999,12.72195,13.445960000000001,5.60355,13.1548,4.0931,4.08132,3.78881,11.04071,8.308,9.33625
X434,1,6.04154,3.39505,3.8759300000000003,13.56339,13.432789999999999,4.32495,3.4752099999999997,6.18061,13.38269,13.436829999999999,12.70073,13.34426,6.773219999999999,13.35995,4.17438,3.60379,3.79905,11.20927,7.51167,7.643260000000001
X428,1,11.0009,3.60165,6.08369,13.97773,13.90794,4.22968,3.8507599999999997,6.73862,13.824129999999998,14.125060000000001,13.37682,14.10793,6.63357,13.850829999999998,4.1708,3.64774,3.9096599999999997,10.12958,6.97501,7.893610000000001
X427,1,8.59398,3.3011699999999995,4.3712599999999995,13.694529999999999,13.52024,3.81258,3.3140199999999997,5.973269999999999,13.676620000000002,13.59772,12.94603,13.56781,5.90067,13.487739999999999,4.0662199999999995,4.01834,4.39586,11.742989999999999,8.219710000000001,9.181939999999999
X424,1,7.373360000000001,3.20092,6.00061,13.115910000000001,12.87352,3.7012300000000002,3.33216,5.875430000000001,13.61325,13.634529999999998,12.784880000000001,13.57688,8.17329,13.17956,4.27347,3.91404,4.01941,11.138530000000001,8.41822,9.42126
X41358,1,7.5182,3.19496,4.2911,13.5824,13.34725,3.5352,3.4680400000000002,5.667269999999999,13.60774,13.8451,13.19459,13.736989999999999,5.47382,13.264070000000002,4.21689,3.63685,3.9431300000000005,10.73242,9.60003,10.7919
X41325,1,8.18885,3.10506,5.3152,13.9018,13.666479999999998,3.6321199999999996,3.50295,6.2739199999999995,13.60801,13.62302,12.95434,13.6004,7.35802,13.02636,4.26026,3.78895,3.94582,11.55247,7.80745,8.59977
X41324,1,8.440489999999999,3.56126,4.72445,13.82595,13.653939999999999,3.62676,3.36277,5.82904,13.498879999999998,13.830820000000001,13.106,13.773370000000002,5.47577,13.64047,3.86522,3.91256,4.04546,11.44919,8.977910000000001,9.780619999999999
X41310,1,8.66788,3.43445,5.233569999999999,13.812289999999999,13.616620000000001,4.13635,3.49455,6.35873,13.522620000000002,13.76441,12.94665,13.66719,5.4104,13.388279999999998,3.94834,3.37454,3.71083,10.979239999999999,9.13831,10.287360000000001
X41307,1,9.9622,3.9399800000000003,4.9092199999999995,13.40727,13.167229999999998,3.72557,3.5421699999999996,5.90787,13.656189999999999,13.50694,12.734689999999999,13.413110000000001,8.06011,13.364939999999999,4.22331,3.96875,3.8642199999999995,10.06049,8.81134,9.56375
X41300,1,6.40726,3.0401599999999998,5.47626,13.548060000000001,13.25176,3.69605,3.43793,5.645490000000001,13.10223,13.46582,12.75563,13.32265,5.71977,13.17503,3.73635,3.5974800000000005,3.74054,9.93853,9.638639999999999,10.58871
X41285,1,6.72845,3.5902199999999995,6.37822,13.262229999999999,13.063889999999999,3.84516,3.3817,6.48106,13.806970000000002,13.50799,12.61743,13.471739999999999,9.328289999999999,12.81912,3.84254,3.9325300000000003,4.2207300000000005,11.06298,8.36277,9.42169
X41266,1,7.9009100000000005,3.68451,6.33068,13.990929999999999,13.78938,4.048080000000001,2.96809,5.82648,13.722489999999999,13.90035,13.251610000000001,13.86295,8.00484,13.77485,4.629519999999999,3.90219,4.4814300000000005,8.71262,6.823989999999999,7.40335
X41264,1,8.39211,3.4285300000000003,4.5538,13.689229999999998,13.5323,3.65721,3.5142800000000003,5.57158,13.87778,13.588510000000001,12.95849,13.494679999999999,5.29323,13.42893,4.09615,3.94425,3.9421199999999996,12.433639999999999,9.47101,10.15647
X41203,1,8.20958,3.34553,5.61067,13.82458,13.64594,3.44151,3.6465300000000003,6.07094,13.499670000000002,13.68005,12.86515,13.570110000000001,7.44175,13.28624,4.08019,3.8006900000000003,3.91243,10.60878,6.926989999999999,7.41518
X41192,1,6.722410000000001,3.23197,4.80765,13.71725,13.54168,3.641,3.1427099999999997,5.72866,13.45025,13.81831,13.116320000000002,13.78798,5.4388,13.216970000000002,4.14909,3.76235,3.8178300000000003,11.248439999999999,9.36278,10.43851
X41170,1,7.058210000000001,3.2322,4.78647,13.4894,13.30874,4.00592,3.4462699999999997,6.21232,13.58269,13.565270000000002,12.83739,13.49501,5.60916,13.37381,4.35994,3.95189,3.93014,10.865219999999999,9.979610000000001,10.912289999999999
X41165,1,4.92473,3.3580400000000004,4.85987,13.22434,12.87541,3.6056,3.4437800000000003,5.83777,13.44982,13.64096,12.85534,13.55362,5.01321,12.66196,3.86668,3.77435,3.9709,10.633519999999999,8.756089999999999,9.5704
X41079,1,9.32478,3.75187,6.18157,13.59865,13.44006,4.52787,3.925,7.807810000000001,13.7096,13.501320000000002,12.77914,13.42588,10.71434,13.47308,4.11635,3.8382099999999997,3.93402,11.15391,7.81128,8.878910000000001
X41064,1,7.241619999999999,3.22453,4.63555,13.80313,13.672979999999999,3.67964,3.40004,6.32185,13.3509,13.711070000000001,12.98392,13.63504,6.0868199999999995,13.27175,4.09245,3.9079699999999997,3.76865,12.04941,8.63413,9.58127
X41023,1,5.915,3.0512200000000003,5.46252,13.32516,13.096039999999999,3.95525,3.4894800000000004,6.23062,13.46241,13.68345,12.98986,13.565920000000002,8.21926,13.353829999999999,3.9525900000000003,3.7294300000000002,3.88539,10.68971,8.24438,9.03626
X41010,1,5.58341,3.1907099999999997,4.68449,13.61534,13.439979999999998,3.8768300000000004,3.75294,6.29558,13.300120000000001,13.568570000000001,12.89519,13.573879999999999,5.24834,13.51012,4.26025,4.16744,4.2537199999999995,6.666530000000001,7.7207300000000005,8.77024
X387,1,6.77543,3.2038599999999997,5.45365,13.123339999999999,12.87995,3.37172,3.59418,5.81135,13.724839999999999,13.2284,12.395539999999999,13.219610000000001,5.75948,13.05278,4.3204199999999995,3.8513599999999997,4.08473,10.80242,8.00694,8.60673
X386,1,5.32413,3.05288,4.79476,13.114479999999999,12.989510000000001,4.12919,3.59554,6.235580000000001,13.692689999999999,13.86144,13.18931,13.81579,5.06752,13.426470000000002,4.48196,3.9601599999999997,3.8690300000000004,11.2831,8.84328,9.79928
X381,1,8.060189999999999,3.1141099999999997,6.3960300000000005,13.51174,13.292179999999998,3.8494,3.5779199999999998,5.69757,13.74453,13.908929999999998,13.397479999999998,13.90215,5.6506,13.72119,4.720619999999999,4.1622,3.84219,9.928189999999999,8.61758,9.75883
X379,1,4.76584,3.2884599999999997,4.03129,12.40466,12.1354,3.69041,3.6556800000000003,5.55057,12.723180000000001,13.2397,12.54528,13.201120000000001,6.2278400000000005,13.14205,4.09996,4.02998,4.18648,11.38155,7.87482,8.49232
X374,1,9.76892,3.55038,5.25799,13.7168,13.52779,3.7703300000000004,3.85134,5.76976,13.577420000000002,13.9442,13.20851,13.97295,6.46574,13.54827,3.9467,3.52921,3.56055,10.72763,8.655,9.97723
X351,1,6.57885,3.3461300000000005,6.16686,13.36341,13.218379999999998,3.3589,3.23386,5.599130000000001,12.855089999999999,13.20716,12.3884,13.0678,7.66585,12.91273,3.87761,3.6867099999999997,3.6512599999999997,11.55725,8.86748,9.72598
X3498,1,6.86857,3.05449,5.881419999999999,14.15515,14.13919,4.0539,3.5403800000000003,6.16741,13.1984,13.922020000000002,13.194239999999999,13.84635,5.74448,13.49131,5.12369,4.42924,4.6456599999999995,10.91793,9.25765,10.056389999999999
X34801,1,6.77623,3.20975,5.32188,13.4943,13.313070000000002,3.6288400000000003,3.17484,5.900930000000001,13.30855,13.36018,12.669089999999999,13.279229999999998,5.81634,13.07024,3.8199699999999996,3.7620699999999996,4.04044,10.46521,9.24276,10.2352
X34207,1,12.053289999999999,3.8700900000000003,5.6956,13.924129999999998,13.778920000000001,3.8043400000000003,3.5337699999999996,6.57505,13.78019,13.98881,13.356520000000002,14.030289999999999,7.41873,13.72676,4.43295,5.13928,5.900580000000001,8.36127,8.27495,9.28796
X34202,1,7.86565,3.10585,5.9873199999999995,13.7476,13.37638,3.85835,3.51651,6.0637300000000005,12.99775,13.872729999999999,13.18806,13.85281,6.5984300000000005,13.09474,4.249230000000001,3.9985800000000005,4.131530000000001,11.0096,9.82413,10.990739999999999
X34186,1,8.93154,3.4171300000000002,4.6500699999999995,14.033929999999998,13.924760000000001,3.7315400000000003,3.79178,5.85706,13.48807,14.02987,13.29204,14.00165,4.99146,13.563529999999998,3.8582099999999997,3.9441800000000002,3.60382,10.650319999999999,8.45921,9.40403
X34172,1,6.608439999999999,3.25902,4.28861,13.36479,13.15934,3.53882,3.56843,5.69752,13.627529999999998,13.69965,13.03181,13.62814,4.72211,14.03089,4.19206,3.79316,3.6550599999999998,10.14742,8.02355,9.04092
X34168,1,6.9008899999999995,3.12751,5.15231,13.360999999999999,13.124179999999999,4.48489,3.8886199999999995,6.6070899999999995,13.407879999999999,13.65324,12.85019,13.54163,5.7843800000000005,13.25673,4.576230000000001,3.7931800000000004,4.47529,11.54001,8.99184,10.12875
X34165,1,8.69795,3.14106,5.45496,13.290429999999999,13.106689999999999,3.62914,3.33874,5.79131,12.91038,13.928679999999998,13.216879999999998,13.84027,5.89278,13.056239999999999,3.6654199999999997,3.45401,3.8741199999999996,12.018419999999999,10.34148,11.02999
X34125,1,4.98153,2.9727200000000003,7.016939999999999,13.4138,13.16813,3.4918199999999997,3.84542,5.96282,13.56625,13.29525,12.57048,13.226779999999998,9.25419,13.274120000000002,3.68356,4.14257,3.2974,9.51437,6.69538,6.59012
X34117,1,7.23142,3.32289,4.49181,13.59334,13.385279999999998,3.82157,3.47002,6.1938699999999995,13.411029999999998,13.823360000000001,13.09057,13.7281,5.73298,13.54846,3.9678199999999997,4.10305,3.93815,10.4566,9.45218,10.492519999999999
X34113,1,8.24403,3.24879,5.7171,13.959810000000001,13.81215,3.91709,3.40069,6.35803,13.629220000000002,14.02152,13.32704,13.99204,6.53231,13.93149,4.28484,3.7342800000000005,3.79262,11.006269999999999,8.99006,9.795169999999999
X34111,1,5.60201,3.1964,4.6772599999999995,13.42513,13.12589,4.096509999999999,3.25866,6.35545,13.910639999999999,13.462029999999999,12.775089999999999,13.41327,9.80752,13.135670000000001,4.19929,3.7401400000000002,4.13315,10.98419,9.330910000000001,10.16488
X34103,1,6.25537,3.0760099999999997,5.37036,13.837829999999999,13.60956,3.4793,3.4558800000000005,5.59777,13.51164,13.6937,13.01094,13.613560000000001,6.0397300000000005,13.0463,4.74376,4.73099,5.95944,9.35488,7.78308,8.258230000000001
X34102,1,5.12004,3.15747,4.00167,13.21817,12.985380000000001,3.77625,3.58123,5.9336199999999995,13.588770000000002,12.99542,12.37829,12.98911,7.7554300000000005,13.421879999999998,4.12685,3.95971,3.76758,8.38368,9.947610000000001,11.09249
X34090,1,4.61266,3.18887,4.60864,13.3566,13.1419,3.81926,3.54176,5.95062,13.470620000000002,13.731110000000001,13.04255,13.593470000000002,5.68623,13.332939999999999,4.0273699999999995,3.6325,4.24298,8.58727,8.72,9.52169
X34086,1,7.762239999999999,3.45799,5.2783,13.55163,13.30766,3.94205,3.7170099999999997,6.3585400000000005,13.218679999999999,13.46889,12.68042,13.371479999999998,5.5735,13.18101,4.00368,4.02231,4.06487,10.38402,9.95845,10.868139999999999
X34085,1,6.4688300000000005,3.26343,5.67169,13.73299,13.65272,3.8868400000000003,3.31685,6.57442,13.942570000000002,13.96815,13.31896,13.93305,6.26898,13.59462,4.5486,3.7743599999999997,3.9581699999999995,7.13651,8.023610000000001,8.56632
X34080,1,7.41021,3.40785,5.41435,13.663079999999999,13.421779999999998,3.76225,3.3945199999999995,5.86364,13.519739999999999,13.599479999999998,12.89028,13.53559,5.580080000000001,13.367170000000002,3.99999,3.7053300000000005,3.9173,10.8428,9.11324,10.230189999999999
X34078,1,6.3755,3.4378,3.8450300000000004,13.00906,12.728769999999999,3.7565199999999996,3.509,5.907019999999999,13.443229999999998,13.406039999999999,12.490680000000001,13.241829999999998,5.26848,13.15541,3.9087,3.88847,3.87931,8.93507,9.82414,10.602139999999999
X34066,1,8.8903,2.97094,5.15843,13.87534,13.682170000000001,4.018669999999999,3.71579,6.379169999999999,13.44709,14.076239999999999,13.46783,14.00339,7.21391,13.4946,4.3078,4.0189699999999995,3.8536,10.70622,8.45968,9.57855
X34049,1,8.2414,3.7033300000000002,3.9682,13.05644,12.80487,3.7384800000000005,3.7908800000000005,5.99348,13.589020000000001,13.50301,12.729519999999999,13.453970000000002,5.46205,13.07124,4.1147,4.1340900000000005,3.87229,11.2692,7.612769999999999,8.65292
X34019,1,4.99756,3.69601,5.86265,13.466870000000002,13.2686,4.0569,3.7661,5.98856,13.49991,13.725810000000001,12.85013,13.73209,6.6779399999999995,13.430220000000002,4.203930000000001,3.99305,4.02458,11.22198,8.221639999999999,9.15116
X32103,1,8.618319999999999,3.22434,4.6877,14.023179999999998,13.86225,4.21606,3.4557,5.83982,13.73945,13.603320000000002,12.89972,13.53994,7.016960000000001,13.323129999999999,4.33407,3.9665800000000004,4.30956,11.11772,7.821739999999999,7.96576
X32098,1,6.56065,3.0324299999999997,5.6444,13.84554,13.681289999999999,3.55378,3.3602300000000005,5.8926300000000005,13.835139999999999,13.874089999999999,13.07736,13.82637,5.993119999999999,13.567129999999999,4.27456,4.00061,4.24263,10.018310000000001,9.23979,10.5763
X32089,1,9.58217,3.13808,6.01337,13.96154,13.84585,3.56814,3.56676,7.1485,13.82598,13.727070000000001,13.06863,13.623579999999999,8.96465,13.457089999999999,3.62265,3.9146900000000002,3.61806,10.746369999999999,7.79827,8.93322
X32055,1,5.42034,3.29414,5.13282,13.511579999999999,13.30015,3.72039,3.58046,6.42862,13.134279999999999,13.420679999999999,12.55593,13.332410000000001,7.29592,13.09567,4.11296,3.9599900000000003,3.9632,8.70937,10.0368,10.9847
X32054,1,10.466380000000001,3.6397699999999995,6.84122,13.86154,13.697270000000001,3.93405,3.488,7.54017,13.138229999999998,13.69581,12.98789,13.63095,10.94003,13.82112,4.3312800000000005,4.14878,4.86225,10.01246,7.924110000000001,8.74179
X32049,1,4.7664,3.1958,4.75904,13.398589999999999,13.13178,3.55168,3.4204199999999996,6.50781,13.360270000000002,13.531260000000001,12.80919,13.42631,5.39954,13.19258,4.1619,3.6057300000000003,3.87354,9.47695,9.686689999999999,10.54654
X32048,1,6.29124,3.2330400000000004,6.14021,13.890770000000002,13.74105,3.8043400000000003,3.7228,5.74159,13.67459,14.09631,13.38785,14.00165,10.37936,12.76291,3.7199199999999997,3.95517,3.71403,9.94461,8.80178,9.78006
X32034,1,9.01538,3.36403,6.4581800000000005,13.154379999999998,12.89649,3.91298,3.7056400000000003,5.68461,13.76689,13.474479999999998,12.7011,13.34595,6.200130000000001,13.20455,4.01996,3.9715300000000004,4.28936,10.40126,7.066789999999999,7.429989999999999
X32032,1,5.07755,3.21902,4.79038,13.77594,13.621820000000001,4.54469,3.7242300000000004,6.610760000000001,13.501679999999999,13.848679999999998,13.12164,13.79916,5.6066,13.399560000000001,3.9914300000000003,3.95307,3.8597599999999996,9.90767,9.073139999999999,10.22742
X32022,1,9.310030000000001,3.27905,4.54375,13.97587,13.899770000000002,3.8791300000000004,3.9477599999999997,6.82308,13.2937,13.957279999999999,13.11876,14.00535,6.23084,13.476170000000002,4.41512,3.8813699999999995,3.8852900000000004,11.02544,8.62905,9.79378
X32013,1,7.7417,3.25719,5.95996,13.60021,13.447560000000001,3.3982900000000003,3.4161,5.5247,13.71006,13.707370000000001,12.95682,13.615620000000002,6.70585,13.434820000000002,3.97765,3.56737,4.1695,9.82615,8.00652,8.48455
X27098,1,5.293740000000001,2.92036,6.3558900000000005,13.47683,13.237589999999999,3.7622400000000003,3.3606199999999995,6.49494,13.606810000000001,13.538920000000001,12.82912,13.489360000000001,5.50321,13.12289,4.28033,3.99761,4.54416,12.56201,8.46234,9.42682
X27006,1,6.52222,3.25406,6.33155,13.72909,13.611460000000001,3.685,3.4600199999999997,5.75589,13.801979999999999,13.542539999999999,12.86515,13.498220000000002,7.2572600000000005,12.85304,4.393730000000001,3.9337800000000005,3.91705,12.0156,8.541260000000001,9.53011
X261,1,5.57233,3.31411,6.40372,13.27653,12.94634,3.62822,3.28995,5.8929599999999995,13.16511,13.41053,12.49415,13.26702,8.02684,13.59179,3.7967699999999995,3.72884,3.9677800000000003,7.97049,8.91971,9.918239999999999
X26047,1,9.91182,3.52061,5.50759,13.83761,13.71483,3.6026599999999998,3.79543,6.15348,13.955379999999998,13.94012,13.29031,13.881129999999999,5.53115,13.659239999999999,3.89247,3.70952,3.6146199999999995,10.60524,8.45164,9.244
X23221,1,6.75833,3.3974800000000003,5.36562,13.12691,12.86733,3.70145,3.36915,6.25823,13.628120000000001,13.44891,12.72374,13.43545,6.67749,13.08077,4.282019999999999,3.9677300000000004,3.97505,9.8373,9.64259,11.14396
X23213,1,5.8512,3.38174,6.73527,13.828970000000002,13.60566,3.90792,3.4256,6.91052,13.35251,13.71483,13.010869999999999,13.60949,7.078010000000001,13.79986,3.98306,3.74365,3.8224699999999996,10.29975,9.13452,10.024519999999999
X23212,1,6.10475,2.85203,4.78417,13.298720000000001,13.054689999999999,3.59283,3.6227099999999997,5.75962,13.365310000000001,13.32345,12.60977,13.25331,6.52155,13.3806,3.89658,3.8615800000000005,3.78214,10.238560000000001,9.47631,10.6046
X23210,1,9.20935,3.30833,4.7679599999999995,13.493170000000001,13.29863,4.118130000000001,3.33731,6.808,13.52555,13.381429999999998,12.612739999999999,13.30809,5.9409,12.97674,4.27104,3.7978199999999998,3.90265,11.66815,9.352310000000001,10.09656
X23204,1,5.53509,3.27102,5.7321800000000005,13.591660000000001,13.313939999999999,3.90323,3.6278599999999996,6.6824,12.83717,13.67818,12.916310000000001,13.60891,6.02559,12.96637,4.19648,3.9096,3.8482,11.887039999999999,8.9662,9.80925
X23202,1,7.888739999999999,3.24024,5.77675,13.837639999999999,13.67438,3.4768199999999996,3.1379900000000003,5.70121,13.61907,13.33896,12.63038,13.33419,8.361839999999999,13.7072,3.85368,3.79428,4.19375,10.72208,8.64222,9.39439
X23197,1,10.021289999999999,3.79219,5.2157599999999995,13.07179,12.89671,3.7113,3.3378099999999997,5.8407,13.34268,13.283560000000001,12.60385,13.25806,6.02921,13.05798,3.97065,3.9620800000000003,3.9481800000000002,11.383610000000001,9.34985,10.092410000000001
X23187,1,6.0753900000000005,3.1639999999999997,5.30133,13.3993,13.18374,3.92538,3.3472199999999996,5.72098,13.01702,13.350929999999998,12.50896,13.313979999999999,6.76237,12.47363,4.16328,4.42433,3.7374400000000003,11.62455,8.50535,9.44555
X23182,1,5.3667300000000004,3.36625,3.77066,13.705160000000001,13.5182,3.7012300000000002,3.53825,6.21066,13.2198,13.75586,13.05198,13.677270000000002,6.4134,13.217889999999999,4.0129,3.9622,4.00506,10.58169,9.34419,10.35938
X23178,1,11.25948,4.5621,5.32287,13.46766,13.22166,4.65676,3.6513699999999996,6.8668,13.48983,13.744179999999998,13.02025,13.69312,5.54661,13.59751,4.06648,3.97183,3.88058,10.176810000000001,8.04997,8.757
X23172,1,7.12592,3.00794,5.05599,13.870629999999998,13.709589999999999,4.13101,3.5905199999999997,5.9355400000000005,13.46765,13.94055,13.29429,13.923829999999999,4.956,13.462520000000001,4.14398,3.7554,3.89704,10.02259,9.04275,9.93038
X23170,1,6.07925,3.1348599999999998,5.318890000000001,13.20204,12.78915,3.89583,3.57493,5.58681,13.03403,13.09649,12.2951,12.97573,6.47118,12.96012,4.07094,3.6981,3.79043,11.05207,9.42682,10.2316
X23167,1,6.28677,3.1777,5.50084,13.18269,12.8376,3.57534,3.45278,6.01886,13.05545,13.815339999999999,13.09422,13.63936,6.06341,12.75642,3.83721,3.8346400000000003,3.76729,10.98376,8.92351,9.59502
X23165,1,5.61524,3.19385,5.45111,14.09801,14.07855,4.18826,3.48864,6.83895,12.9298,14.069360000000001,13.336039999999999,14.00823,8.917769999999999,13.816920000000001,4.30535,3.69144,4.47748,8.89884,8.891210000000001,9.6159
X23162,1,6.3144599999999995,3.20668,3.8964199999999996,13.48215,13.276979999999998,3.63801,3.37641,5.90865,13.348579999999998,13.00868,12.372489999999999,12.86519,6.63905,13.63405,3.85342,3.91776,3.63593,9.11778,8.853710000000001,9.76055
X23143,1,8.90402,3.27247,4.50606,13.52715,13.313070000000002,3.68425,3.4118699999999995,6.31709,13.88507,13.89073,13.27834,13.82356,6.0907800000000005,13.5209,4.34042,4.00328,4.2739199999999995,9.454419999999999,8.72177,9.37195
X23139,1,6.8403,3.115,4.7030400000000006,13.468129999999999,13.26855,4.20475,3.4022,6.21206,13.44646,13.78595,13.162220000000001,13.723529999999998,8.250960000000001,13.345579999999998,4.2727,4.30467,4.193309999999999,10.45037,8.96272,9.93743
X23128,1,7.2992300000000006,2.8280000000000003,4.445930000000001,13.494029999999999,13.316139999999999,3.5213900000000002,3.38816,5.60173,13.39286,13.763679999999999,13.02259,13.67397,5.662319999999999,13.450239999999999,3.8984,3.90879,3.7818199999999997,11.80556,9.31173,10.074489999999999
X23116,1,6.8728,3.25366,4.93435,13.619570000000001,13.4433,3.64203,3.5939099999999997,5.91455,13.69404,13.6795,12.939969999999999,13.54277,5.798369999999999,13.21965,3.73445,3.46579,3.7454099999999997,10.65738,9.93217,10.82553
X23106,1,7.36393,3.10744,5.1327,14.153979999999999,14.082070000000002,3.62382,3.40447,6.08047,13.66871,13.84332,13.1397,13.800279999999999,5.30347,13.31342,4.352930000000001,4.16328,3.89316,9.13843,8.75889,9.601
X23102,1,10.35997,3.90119,3.9985699999999995,14.038329999999998,13.95759,3.6597800000000005,3.4777099999999996,6.117780000000001,13.439929999999999,14.00136,13.49915,13.8825,5.42437,13.836070000000001,3.94673,3.98906,3.98475,9.54158,8.08683,9.48465
X23098,1,6.27559,2.9775,6.37763,12.346919999999999,12.03819,3.65275,3.5956900000000003,6.38518,13.425320000000001,12.80339,11.91505,12.56751,7.93725,12.96504,4.12718,3.8539,3.8983199999999996,10.03634,8.41179,9.32577
X23084,1,5.82989,3.34249,3.29043,13.410429999999998,13.168479999999999,3.8361400000000003,3.6512800000000003,6.06864,12.93548,13.319289999999999,12.48507,13.234279999999998,6.57183,13.52375,4.53566,3.8855199999999996,3.9541,11.32103,8.8325,9.66883
X23077,1,9.08394,3.1385400000000003,5.7293400000000005,13.28335,13.03713,4.49947,3.93951,7.27884,13.615720000000001,13.85423,13.215929999999998,13.78176,5.7922199999999995,13.23756,3.84255,3.67374,3.60101,12.22834,7.01363,7.9649399999999995
X23074,1,6.969539999999999,3.057,5.572769999999999,13.57802,13.384739999999999,3.5861,3.7231099999999997,5.92644,14.04884,13.33234,12.486410000000001,13.18875,5.56715,13.48895,4.160159999999999,3.9333699999999996,4.8064,9.096910000000001,9.1278,10.19936
X23070,1,7.78631,3.4447099999999997,5.65988,13.74974,13.60455,4.12357,3.93066,6.06839,13.81223,13.936129999999999,13.14714,13.89224,7.5316,13.6842,4.032830000000001,3.9956300000000002,4.23356,10.028880000000001,8.11776,9.07104
X23055,1,6.8804300000000005,3.3826199999999997,6.13668,13.467039999999999,13.06766,3.7564300000000004,3.47281,6.8309,13.326360000000001,13.55206,12.92943,13.44251,8.57155,13.61375,4.06851,3.7919199999999997,3.8664,11.18479,7.81907,8.57124
X23053,1,9.61007,3.3763900000000002,3.68739,13.7978,13.64044,3.7614,4.14714,6.33796,13.49376,14.03089,13.383410000000001,13.982129999999998,5.74556,13.99736,4.32765,4.0850599999999995,4.05755,10.97678,7.7629399999999995,8.65382
X23043,1,8.8047,3.93989,5.80693,13.847520000000001,13.710120000000002,3.61363,3.63798,5.9436599999999995,13.53168,13.794270000000001,13.16734,13.849929999999999,7.403580000000001,13.545639999999999,4.0151699999999995,4.0235,4.0418,10.51802,7.6517800000000005,8.866530000000001
X23030,1,9.25526,3.69246,5.16352,13.802439999999999,13.5562,3.72684,3.7947300000000004,6.11308,13.8624,13.97308,13.305520000000001,13.879979999999998,5.35939,13.53307,3.9865199999999996,3.6954300000000004,3.7079,9.93936,8.77323,9.73075
X23026,1,6.944719999999999,3.2194700000000003,7.690230000000001,13.429089999999999,13.212979999999998,3.4587,3.68624,5.88084,13.50944,13.37325,12.63058,13.252629999999998,6.9286,13.35121,4.26507,3.865,4.1759699999999995,8.53476,6.86658,7.67973
X2227,1,8.93886,3.6310599999999997,5.35243,13.730939999999999,13.43883,3.8075699999999997,3.75726,6.10419,13.55054,13.691360000000001,12.99657,13.61045,6.12881,13.564929999999999,4.24219,3.9207,4.4259,11.029710000000001,8.71763,9.99802
X2219,1,7.01087,3.24369,6.20707,13.895029999999998,13.745679999999998,4.0254900000000005,3.70583,6.726039999999999,13.16835,13.6559,12.90423,13.59109,5.69022,13.64662,3.77613,3.84312,3.8274199999999996,11.90832,10.70701,11.51326
X22058,1,6.29898,3.18185,6.1048599999999995,13.93926,13.77041,3.55701,3.50596,5.9993099999999995,13.24022,13.238079999999998,12.43944,13.112689999999999,4.82584,13.23417,3.74565,3.60011,3.7635,11.22157,8.907689999999999,10.03968
X22057,1,7.73875,3.4431800000000004,6.85832,13.67414,13.483020000000002,4.33552,3.6714599999999997,7.30858,14.03084,13.961829999999999,13.271270000000001,13.918529999999999,7.06963,13.61529,4.3014,3.76954,3.80306,9.41018,4.7525900000000005,5.7683
X22048,1,9.28598,4.47598,6.33677,13.635229999999998,13.42009,3.75149,3.80801,6.6279699999999995,13.794410000000001,13.7265,12.99893,13.68053,6.13769,13.544989999999999,4.46518,3.9191300000000004,4.069719999999999,11.51554,8.550989999999999,9.17203
X22047,1,8.48903,3.4522699999999995,5.93651,13.6806,13.43361,3.7624,3.36677,5.7937,13.19565,13.872160000000001,13.19699,13.857529999999999,6.56238,13.243279999999999,4.00903,3.37899,3.63821,10.950380000000001,8.86477,10.18218
X22046,1,7.86649,3.5341199999999997,4.2058800000000005,13.18414,12.8804,4.189,3.43195,5.92152,13.872729999999999,13.43411,12.65324,13.479170000000002,5.66731,12.909360000000001,4.1950400000000005,3.7131300000000005,4.13009,9.85385,7.86878,7.9886
X22037,1,5.5172099999999995,3.12006,4.39604,13.0767,12.86842,3.57445,3.35799,5.96636,13.08934,13.33203,12.592839999999999,13.25615,7.44382,13.367170000000002,3.8492900000000003,3.65381,3.7599,11.033430000000001,8.63655,9.870239999999999
X22031,1,6.13005,3.12823,4.385,13.178420000000001,12.99122,3.4820800000000003,3.2778699999999996,5.9209,13.435429999999998,13.4383,12.63309,13.36861,7.625489999999999,13.134670000000002,3.98576,4.01039,3.5992599999999997,9.5205,8.33619,9.47616
X22029,1,7.741389999999999,3.06967,5.43853,13.953120000000002,13.81647,4.04695,3.47188,6.32454,13.36819,14.0485,13.307879999999999,13.9329,6.915189999999999,13.36094,4.01996,3.7434800000000004,3.78942,10.12887,8.28528,9.0307
X22023,1,9.52073,4.24094,4.49805,13.7214,13.519470000000002,3.62165,3.47815,6.36524,13.14865,13.70721,12.951319999999999,13.6544,6.73533,13.31354,3.95709,3.91359,3.88389,10.91731,8.17874,9.16222
X22020,1,9.87359,3.4205,5.19292,13.928070000000002,13.81276,3.7089300000000005,3.6226599999999998,6.12725,13.545420000000002,13.7689,13.05105,13.6975,6.376119999999999,13.388060000000001,4.40966,4.1536599999999995,4.35578,11.1553,9.004589999999999,10.29147
X22013,1,6.3928199999999995,3.20337,5.1927,13.4481,13.26329,3.84001,3.6045800000000003,6.14613,13.0315,14.052779999999998,13.35537,13.97444,5.37235,13.097539999999999,4.90951,4.2394099999999995,4.94409,12.53801,9.80437,10.88353
X22012,1,9.73371,3.69529,4.556780000000001,13.960370000000001,13.829239999999999,3.63394,3.4631199999999995,6.08114,13.264170000000002,13.670029999999999,12.94989,13.57557,6.4364099999999995,13.526689999999999,4.097180000000001,3.81883,3.81229,9.869769999999999,9.028839999999999,9.91637
X20074,1,5.29627,3.37008,5.740880000000001,13.62699,13.50702,3.8567199999999997,3.72223,6.55096,13.605429999999998,13.53341,12.81617,13.421970000000002,8.28309,13.18154,4.45084,4.18339,4.01767,11.177660000000001,7.26208,8.06121
X20046,1,10.735380000000001,4.57338,6.04634,13.951270000000001,13.8096,4.11174,3.3494900000000003,6.28182,13.515929999999999,13.745510000000001,13.02567,13.70827,7.8162899999999995,13.59409,3.90504,3.87069,4.64559,11.613480000000001,9.73056,10.57588
X20041,1,8.77102,3.2808,4.56591,13.26174,13.111889999999999,3.70232,3.52138,5.71807,13.858039999999999,13.769029999999999,13.05131,13.740739999999999,6.20556,13.299270000000002,4.0678,3.62111,3.69239,10.598519999999999,8.10241,9.12694
X20032,1,6.341130000000001,3.34553,4.80936,13.8085,13.65986,4.048830000000001,3.6647300000000005,5.94839,13.29413,13.89816,13.06175,13.82986,6.00127,13.40541,3.99955,3.9368199999999995,3.9654800000000003,12.89555,9.67401,10.66938
X20031,1,7.20985,2.88187,6.26176,13.59779,13.41213,3.81094,3.87554,6.605389999999999,13.79551,13.793,13.01247,13.71216,7.268730000000001,13.197270000000001,4.41691,3.89701,3.93738,10.32664,8.30863,9.089889999999999
X20027,1,8.18802,3.2996800000000004,4.61829,13.41191,13.186620000000001,3.68395,3.7074300000000004,7.257739999999999,13.20755,13.40298,12.711110000000001,13.34426,9.9933,13.20449,4.13486,3.82691,3.9066199999999998,12.18097,7.684,8.14203
X20025,1,6.31182,3.2834800000000004,6.03564,13.35121,13.02398,3.4270199999999997,3.2316,5.57254,13.530070000000002,13.51746,12.725389999999999,13.388829999999999,5.89612,13.21062,3.80605,3.7372400000000003,3.66681,10.563460000000001,8.99611,10.497060000000001
X20019,1,8.378960000000001,3.43505,4.39107,13.73134,13.69232,3.7265900000000003,3.69775,6.14839,13.86173,13.78866,13.07872,13.81895,6.58475,13.896529999999998,4.7327,3.73233,4.20824,11.028369999999999,6.98935,7.201110000000001
X152,1,8.06466,3.4081099999999998,5.44618,13.66825,13.526079999999999,3.52503,3.52107,6.44181,13.354679999999998,13.85457,13.106539999999999,13.798689999999999,8.33248,13.0709,3.96806,3.8114,3.74746,10.50222,7.769410000000001,8.31737
X146,1,8.11712,3.1648,4.2619,14.06298,13.83734,3.5616800000000004,3.35154,5.77344,13.18195,13.3844,12.54853,13.37925,5.92772,13.24005,4.1738599999999995,3.9106099999999997,3.84254,10.785860000000001,9.22839,10.56162
X129,1,6.29194,2.96359,5.4587,13.479220000000002,13.2359,3.44486,3.31639,6.29876,13.537720000000002,13.88597,13.19336,13.80667,6.2221400000000004,12.897260000000001,4.17101,3.9853300000000003,4.7794300000000005,8.50605,8.786439999999999,9.812669999999999
