411 feature  	 square of weight value
Improbizer_CTTTCACCTATAATTCCACC 	0.0106551237358
Weeder_2 	0.00376815904647
Homer_10_5 	0.00307493180921
DME_GCYATWWKTS 	0.00143360626519
DME_GATCAYYTGAGSYC 	0.0010782143307
Homer_12_1 	0.000888660170407
DME_TTWTTYAMWR 	0.000647564576136
DME_ATTTGAGGTTTG 	0.000565755927043
DME_GGTCRGGAGTTYSA 	0.000524275093887
DME_AAGTGCTGGGAYTACA 	0.000340033355206
DME_AGGTCRGGAGTT 	0.00031325260968
DME_TGGGTGTGGTGGCA 	0.000313078516708
DME_GKTYTGTT 	0.000245213372204
Improbizer_GCCAGCCGGCGCGGG 	0.000225939253839
DECOD_Motif2_8 	0.000223447960701
MEME_7_w14 	0.000213612574165
DECOD_Motif5_8 	0.000203127606047
DME_TTGTTTGTTTGTTK 	0.000185401729429
DME_TRKGTGTT 	0.000181991345582
DME_TGTTWACW 	0.000161442553998
length.14.25 	0.000161325184626
AMD_Motif9 	0.000149861338483
DME_TTBAGYMMMG 	0.00014840870668
DME_TDTGTKTG 	0.00014563109833
DME_TGAGAYGGAGTY 	0.000141845866525
BioProspector_w12_4 	0.000128863048239
DME_ARTATWGT 	0.00012755833367
MDmodule_Motif.14.5 	0.000122945062197
DME_TATTTGGGGTTCGTTG 	0.000120856774047
Homer_8_1 	0.000116640108433
Weeder_1 	9.85175182933e-05
DME_AGCCTGGGCRACASAG 	9.25145024801e-05
WWTTTTTT_8 	8.93995044114e-05
DME_GWSSTYAGRKRR 	8.88069746584e-05
MDmodule_Motif.14.10 	8.87877659619e-05
DME_TGKGCTMA 	7.21745525856e-05
DME_GVCCGGGC 	6.78173342396e-05
DME_GCCTKYAA 	6.3876946163e-05
DECOD_Motif1_10 	5.9857799635e-05
DME_CWRHAYTTGG 	5.80829602902e-05
STYTSTGGRA_10 	5.47386517548e-05
DME_CCKTGAGS 	5.32128674385e-05
CTCCTGCCWCWGCC_14 	5.15282099118e-05
DME_SGGGTTCAAGMG 	5.02176419477e-05
DME_CTKGGTGTGGYGGC 	4.87643897714e-05
length.16.17 	4.56478018485e-05
DECOD_Motif3_12 	4.54845098168e-05
DME_RCCRGGCGMR 	4.51430649563e-05
DME_AGGTCRGGAGTTYSAG 	4.04044469758e-05
DME_GCTATATTTGGGGT 	4.04044469758e-05
Homer_14_3 	3.98997815199e-05
DME_CCAGGCGCAGTGGC 	3.96646138169e-05
AMD_Motif4 	3.94630590025e-05
BioProspector_w14_1 	3.94176353227e-05
MDmodule_Motif.14.6 	3.78202926439e-05
Improbizer_TAAAAATATAAA 	3.70400386706e-05
Homer_14_2 	3.54089602222e-05
DME_TGCTGGGAYTACAG 	3.54089602222e-05
DME_CACCTGAGSYCAGGAG 	3.52556838007e-05
BioProspector_w14_3 	3.22479518202e-05
DECOD_Motif3_14 	3.10438433915e-05
DME_TKTRGGGKTV 	3.06900647268e-05
Improbizer_TATATTTAGTAGA 	3.06900647268e-05
DME_AGACGGAGTC 	2.98845407979e-05
DME_TTGAACCCGGRAGGCG 	2.79662203962e-05
DME_TGWRGCMRGW 	2.48880393817e-05
DME_KTTTGTTTGTTTGT 	2.46090888217e-05
DME_GWTTGTTK 	2.15750233144e-05
DME_TCATTAATGA 	2.15750233144e-05
DME_CGGRAGGCRGARGTTG 	2.14005858342e-05
DECOD_Motif2_10 	2.05437810428e-05
MEME_4_w14 	2.04147109115e-05
DME_GAAWTGKG 	1.77339557031e-05
DECOD_Motif1_8 	1.76287172519e-05
DME_TGASSTCARB 	1.69543335599e-05
CCTGTAAWCCCAGCACTT_18 	1.48056882728e-05
MEME_9_w14 	1.389592659e-05
DME_WTATTTKG 	1.28014259102e-05
DME_VTGAGGTSRG 	9.85044680067e-06
BioProspector_w12_5 	9.42171364047e-06
DME_GCGCGGTGGCTY 	9.42171364047e-06
AMD_Motif1 	9.06666862795e-06
DME_GCTATATTTGGG 	8.77592937456e-06
DECOD_Motif5_14 	7.80334583859e-06
DME_GGRAGGCRGARGTTGC 	7.50935886077e-06
DME_KGRCTCAA 	0.0
DME_YYTGAGGT 	0.0
DME_CMRGGCGCGS 	0.0
m5_c3_ArTTsnAswCCAGCCTGrsCAACATrGnrAAACCCCsT 	0.0
BioProspector_w8_5 	0.0
DME_TKTTTGTTTGTTTGTT 	0.0
DME_TCAGVTKATY 	0.0
DME_KGTBARGAGK 	0.0
DME_CSRGGTTCAAGCGATT 	0.0
BioProspector_w8_1 	0.0
DME_GGGTTCAAGCGATT 	0.0
DME_TGAGAYGGAGTYTC 	0.0
DME_CRGGCGCGGTGGCTYA 	0.0
DME_CYGARGTC 	0.0
length.20.13 	0.0
DME_GTCRGGASTT 	0.0
length.20.17 	0.0
DME_GGGAYTACAGGC 	0.0
m4_c2_GTGGynnryrCCTGTAATCCCAGCwCyTn 	0.0
DME_GGYGBGBGGA 	0.0
TKTKTGTWTK_10 	0.0
DME_TTTGAGGTTTGTTG 	0.0
BioProspector_w14_2 	0.0
DME_CATGVATG 	0.0
BioProspector_w14_4 	0.0
BioProspector_w14_5 	0.0
DME_RGATMAYYTGAG 	0.0
DME_CARGWGAATCGCTTGA 	0.0
DME_GTTTGTTTGTTTGTTT 	0.0
MEME_2_w14 	0.0
TTTTGTATTTTTAGTWGW_18 	0.0
DME_CYCWGRTDWT 	0.0
DME_GMTRTATT 	0.0
length.20.1 	0.0
DME_TTGRSMYGSA 	0.0
DME_ASACVSWGTYKC 	0.0
length.18.1 	0.0
DME_GCTGGGATWACAGG 	0.0
DME_TTGGGGTTCGTT 	0.0
BioProspector_w12_1 	0.0
BioProspector_w12_2 	0.0
BioProspector_w12_3 	0.0
DME_GGCTSWAG 	0.0
Weeder_4 	0.0
Weeder_3 	0.0
CCTGCCTCAGSCTC_14 	0.0
DME_RGGSGMGGKGVC 	0.0
DME_AGGYTKDKMT 	0.0
length.18.13 	0.0
length.18.17 	0.0
length.18.15 	0.0
length.16.7 	0.0
DME_TTTGTTTGTTTG 	0.0
DME_AGKGACWT 	0.0
Improbizer_CGGCCGCGCGCGCCGG 	0.0
DME_AAGGAGGM 	0.0
DME_TTTGAGMYGGAG 	0.0
DME_GGTCRGGAGTTY 	0.0
DME_GGTTCAAGCGATTC 	0.0
DME_TATTTGAGGTTTGTTG 	0.0
length.16.13 	0.0
length.16.15 	0.0
DME_TGASSYCRGSAG 	0.0
DME_GGTTTGTTGC 	0.0
length.12.1 	0.0
DME_TTKGYGTG 	0.0
BioProspector_w8_4 	0.0
DME_RCCRGGCGCGGTGGCT 	0.0
BioProspector_w8_2 	0.0
BioProspector_w8_3 	0.0
DME_CAGGCGCGGTGGCT 	0.0
DME_GCGGCGGCGGCG 	0.0
DME_TTTKTTTGTTTGTTTG 	0.0
DME_TTGGGGTTCGTTGC 	0.0
length.14.1 	0.0
DME_GTGTGBTG 	0.0
CCYGCCTCAGCCTCCC_16 	0.0
AMD_Motif6 	0.0
AMD_Motif7 	0.0
AMD_Motif2 	0.0
DME_GGSABGARMC 	0.0
DME_TTTGGGGTTCGTTG 	0.0
DME_AGKMAGRMGR 	0.0
AMD_Motif8 	0.0
DME_TTYSAGAC 	0.0
DME_GGSTGAGGCAGRWG 	0.0
DME_CRGGCGCGGTGGCT 	0.0
DME_GHGSCSGCGS 	0.0
DME_GTKTGTTHRH 	0.0
DME_TTGTTTGTTTGT 	0.0
DME_ATYVYCTSWGSY 	0.0
GCCCAGGCTG_10 	0.0
DME_TTGAGGTTTGTTGC 	0.0
DME_NGACYTCAGV 	0.0
GGCTGAGGCAGG_12 	0.0
DME_CRGGYGCRGK 	0.0
CCTCAGCCTCCC_12 	0.0
DME_GTTTGTTTGTTK 	0.0
DME_TATATTTGGGGTTCGT 	0.0
length.14.15 	0.0
m3_c1_nTTTTTwTTTTTw 	0.0
DME_GACCTYARRK 	0.0
DME_DGHGGCSGSG 	0.0
DME_AGGTCRGGAGTTYS 	0.0
DECOD_Motif3_8 	0.0
DME_ATTTGAGGTTTGTTGC 	0.0
DME_TGTKYGTT 	0.0
m6_c4_nmkwyATTTGGGrTTyGTTGCTsyCnnnnnsT 	0.0
DME_RTRTKYGKGG 	0.0
DME_CTMRAGTG 	0.0
DME_TGAGGTTTGTTG 	0.0
DME_GAGGTCRGGAGTTCSA 	0.0
DME_GCARGWGAATCGCTTG 	0.0
GGAGGCYGAGGCRG_14 	0.0
DME_TATTTGGGGTTTGT 	0.0
DME_KWGWYTGTKT 	0.0
DME_TGTATTTGGGGT 	0.0
DME_GATMAYYTGAGS 	0.0
DME_CTGTATTTGGGGTT 	0.0
DME_SGGGTTCAAGCGATTC 	0.0
DME_TAAAGTGCTGGG 	0.0
Improbizer_GCCCCGCGGCC 	0.0
DME_YTTTTARWRA 	0.0
TTTTGTATTTKT_12 	0.0
DME_KGARGCTT 	0.0
DME_TTTTTAAAAAAT 	0.0
DME_GGTCRGGAGTTYSAGA 	0.0
Homer_12_4 	0.0
Homer_12_5 	0.0
Homer_12_2 	0.0
Homer_12_3 	0.0
DME_GCGCGGTGGCTYAC 	0.0
DME_GGTTCAAGCGATTCWC 	0.0
Homer_10_1 	0.0
Homer_10_2 	0.0
Homer_10_3 	0.0
Homer_10_4 	0.0
DME_ATCACCTGAGSYCAGG 	0.0
DME_GGTTCAAGCGAT 	0.0
DME_ARGWGAATCGCTTGAA 	0.0
DME_YTATAWTT 	0.0
DME_TTATTATTATTATT 	0.0
DME_RGGCGCGGTGGCTYAC 	0.0
DME_AAMRGAGG 	0.0
DME_TATTTGGGGTTCGT 	0.0
DME_CGGGAGGCTGAGGCAG 	0.0
DME_GAGGCAGGWGAMTC 	0.0
DME_TTTGTTTGTTTGTT 	0.0
DME_TKTTTGTTTGTTTG 	0.0
DME_GGGGTTCGTTGC 	0.0
Improbizer_TCTTCATGTGT 	0.0
DME_RANTRCAGSC 	0.0
CAGCCTGGGC_10 	0.0
DME_CCRGGCGCGGTGGCTY 	0.0
Homer_14_4 	0.0
Homer_14_5 	0.0
Homer_14_1 	0.0
DME_TGGGGTTCGTTG 	0.0
DME_GGGTTCAAGHGA 	0.0
DME_TTGAGAYGGAGTYT 	0.0
DME_WWYSAGACDG 	0.0
DME_GGCGCGGTGGCTYACR 	0.0
DME_TAYTTGRG 	0.0
DME_AGGCARGWGRATCRCT 	0.0
CYCAGGCTGG_10 	0.0
DME_CRGGCGCGSTGG 	0.0
DECOD_Motif4_8 	0.0
DME_TGCTGGGATTACAGGC 	0.0
DME_WAGKGVTGKG 	0.0
DME_GMCTAGRG 	0.0
MEME_10_w14 	0.0
WGCTGGGAYTACAGGC_16 	0.0
DME_GAGGTTTGTTGC 	0.0
DME_GCTGGGAYTACAGGCK 	0.0
length.20.31 	0.0
DECOD_Motif2_14 	0.0
DECOD_Motif2_12 	0.0
DME_TTGAGAYGGAGT 	0.0
DME_TWTAWTTG 	0.0
DME_ATTTGGGGTTCGTTGC 	0.0
length.12.13 	0.0
DME_GTACAGACGGGG 	0.0
DECOD_Motif4_14 	0.0
DECOD_Motif4_12 	0.0
DECOD_Motif4_10 	0.0
DME_TAYTTGGGGTTM 	0.0
DME_GCTATATTTGGGGTTC 	0.0
MDmodule_Motif.14.1 	0.0
MDmodule_Motif.14.3 	0.0
MDmodule_Motif.14.2 	0.0
MDmodule_Motif.14.4 	0.0
MDmodule_Motif.14.7 	0.0
MDmodule_Motif.14.9 	0.0
MDmodule_Motif.14.8 	0.0
DME_MCTTKAGG 	0.0
DME_ATTTGGGGTTCGTT 	0.0
DME_TWGTTTKT 	0.0
DME_TATTTRAGSTTT 	0.0
DME_TCGGGAGGCTGAGGCA 	0.0
YWGKAWTT_8 	0.0
DME_TGTCGCCCAGGCTG 	0.0
DME_GRGSTCRRSAGT 	0.0
DME_KGKKTGKKTG 	0.0
DME_SGGGTTCAAGCGAT 	0.0
GGGAGGCTGAGGCRGGMGGA_20 	0.0
KHGGGAGGCKGAGG_14 	0.0
DME_CTGGGATWACAGGC 	0.0
DME_TGAGSTCRGGAGTT 	0.0
SSCAGGAG_8 	0.0
DME_AGGSTGAGGCAG 	0.0
MEME_8_w14 	0.0
DME_TGAGGCAGGWGA 	0.0
DME_TTKTTTGTTTGTTTGT 	0.0
DME_CGCGGTGGCTYA 	0.0
MEME_3_w14 	0.0
DME_ATATTTGGGGTTCGTT 	0.0
CCACTGCAYTCCAGCCTGGG_20 	0.0
length.20.7 	0.0
DME_CCTAAAGTGCTGGG 	0.0
DME_ATATTTGGGGTTCG 	0.0
DME_ASSTCAKRWG 	0.0
DME_ATTTGGGGTTTGTT 	0.0
DME_TCACCTGAGSYCAGGA 	0.0
DME_RGSGGAGKKG 	0.0
KGCTCCCM_8 	0.0
DME_HAGGCTGKTC 	0.0
DME_MTRYAYKYGKGK 	0.0
DME_CTGGGAYTACAGGCKT 	0.0
WAAAAATACAAAAATW_16 	0.0
GAGGCTGAGGCRGGAGRA_18 	0.0
AGTGCTGGGRWTACAGGYGK_20 	0.0
length.18.7 	0.0
DME_GGGTTCAAGCGATTCT 	0.0
DME_GAGGTCRGGAGTTC 	0.0
DME_TGTTTGTTTGTT 	0.0
DME_AYTTSGGG 	0.0
DME_AYTTBGBGKT 	0.0
DME_GGCGCGBT 	0.0
CTCCYGCCTCAGCCTCCYRA_20 	0.0
DME_GTATTTGGGGTT 	0.0
m2_c1_nCCysCCyCmGCCyCCCn 	0.0
DME_TKAAYTGT 	0.0
DME_TTGAGGTTTGTT 	0.0
Improbizer_CGAGATCTCGGCCCGGTGC 	0.0
Improbizer_TTTGAGACAGAG 	0.0
DME_ATTTGGGGTTMG 	0.0
length.14.17 	0.0
DME_GRCKGWGYYT 	0.0
length.14.13 	0.0
DME_ATTTGAGGTTTGTT 	0.0
AYTAAAAATAMAAA_14 	0.0
DME_CGCGGTGGCT 	0.0
m1_c1_mwmnnnnrCACACACACACAn 	0.0
DME_CTTGAACCCGGRAGGC 	0.0
RSCCDGCC_8 	0.0
DME_RCCRGGCGCGSTGG 	0.0
DME_GGCAGATCACCTGAGG 	0.0
DME_CTGGGCDTGRTG 	0.0
DME_TKTRGGGT 	0.0
DME_TRHABWTGGG 	0.0
DME_YAYTTKRGGK 	0.0
DME_TATTTGAGGTTTGT 	0.0
DME_TTTGGGGTTCGT 	0.0
DME_CCRGGCGCGGTGGC 	0.0
DME_TTTGAGAYGGAGTYTY 	0.0
length.16.1 	0.0
DECOD_Motif5_10 	0.0
DECOD_Motif5_12 	0.0
DME_CTAAAGTGCTGGGA 	0.0
DME_TGAGGTCGGGAGTT 	0.0
DME_TTTGAGGTTTGT 	0.0
MEME_5_w14 	0.0
DME_GCCGCRGK 	0.0
DME_AGTKCTKT 	0.0
DME_AGGWGGYC 	0.0
DME_TATATTTGGGGTTC 	0.0
DME_GGCGCGSTGG 	0.0
DME_TGKRCTMAAR 	0.0
GGAGGSTGAGGCRGGRRR_18 	0.0
DME_GGGGATKB 	0.0
DME_TGWGMYGSAG 	0.0
DME_ACCTGAGSTCAGGAGT 	0.0
DECOD_Motif1_14 	0.0
DME_TGAACCCGGRAGGC 	0.0
DME_TATTTGGGGTTT 	0.0
DECOD_Motif1_12 	0.0
DECOD_Motif3_10 	0.0
MEME_6_w14 	0.0
DME_TTTGAGAYGGAGTY 	0.0
DME_GMGMGGKKRC 	0.0
DME_GGGGKAKG 	0.0
CCTCMRCCTCCYGRSY_16 	0.0
DME_ACTATAYTTGGG 	0.0
Improbizer_TTAATATTAATATAC 	0.0
DME_GSWGAAGC 	0.0
DME_AGTGCTGGGAYTACAG 	0.0
DME_GWGSKCARGR 	0.0
DME_TGTSYCTG 	0.0
DME_GTGGYMTG 	0.0
GAGGRGRAGGGG_12 	0.0
AGKAGCYGGGATTACAGGCA_20 	0.0
CAGGCAYRYGCC_12 	0.0
MEME_1_w14 	0.0
DME_GGCGCGGTGGCTYA 	0.0
DME_TGAGGTCRGGAGTTCS 	0.0
DME_RGGMGCGGKG 	0.0
DME_RMCTGAGG 	0.0
length.12.9 	0.0
DME_CTATATTTGGGGTTCG 	0.0
DME_TKTGKYTGYW 	0.0
DME_CMTGAGSTCAGGAGTT 	0.0
DME_TGAGGTCW 	0.0
DME_GGCGCGGTGGCT 	0.0
DME_TATWTTTW 	0.0
DME_WTGGGGTW 	0.0
length.12.15 	0.0
DME_GATCAYYTGAGSYCRG 	0.0
DME_THTGTTGC 	0.0
GCCTGTAAYCCCWGCT_16 	0.0
CTCCTGCCTCAGCCTCCC_18 	0.0
Homer_8_4 	0.0
Homer_8_5 	0.0
DME_GTGCTGGGAYTACAGR 	0.0
Homer_8_2 	0.0
Homer_8_3 	0.0
DME_RGGCGCGGTGGCTY 	0.0
