411 feature  	 square of weight value
DME_WTGGGGTW 	0.00631159948933
Improbizer_CTTTCACCTATAATTCCACC 	0.0019612822568
DME_MCTTKAGG 	0.00172412149604
DME_GAGGCAGGWGAMTC 	0.000740329393074
DME_ARTATWGT 	0.000727417586403
DECOD_Motif2_8 	0.000626021659004
MEME_4_w14 	0.000615223171531
BioProspector_w8_3 	0.00060971525237
DME_GATMAYYTGAGS 	0.000606012075316
DME_SGGGTTCAAGCGAT 	0.00053433896674
Improbizer_TTAATATTAATATAC 	0.000461061369022
MDmodule_Motif.14.4 	0.000460731047852
MDmodule_Motif.14.8 	0.000443885226543
DME_GGCTSWAG 	0.000361986307711
DME_CGCGGTGGCTYA 	0.000314011901993
Improbizer_GCCAGCCGGCGCGGG 	0.000296108112667
DME_TGTSYCTG 	0.000283283117215
DME_TGAGGTCW 	0.000267045195196
DME_AYTTSGGG 	0.000254127977029
m6_c4_nmkwyATTTGGGrTTyGTTGCTsyCnnnnnsT 	0.000241029169534
Homer_8_1 	0.00020537396694
DME_GCTATATTTGGG 	0.000202144729658
Homer_12_2 	0.000201160948611
MDmodule_Motif.14.7 	0.000192586422324
DME_GGTTCAAGCGAT 	0.000187490435656
DME_GMCTAGRG 	0.000157431081987
Weeder_4 	0.000151753833228
DME_GCARGWGAATCGCTTG 	0.000147982173832
YWGKAWTT_8 	0.000142946987079
DME_ACCTGAGSTCAGGAGT 	0.000140744268397
DME_GWTTGTTK 	0.000137120121694
DME_WWYSAGACDG 	0.000136081758561
DME_GGTCRGGAGTTYSA 	0.00013082575078
DME_TTGTTTGTTTGTTK 	0.000122974066089
DME_GCGCGGTGGCTYAC 	0.000112171578262
DME_GCTGGGATWACAGG 	0.000105672649029
DME_SGGGTTCAAGCGATTC 	0.000103448023961
DME_RMCTGAGG 	0.000103377326526
DME_MTRYAYKYGKGK 	9.89991722688e-05
DME_TTYSAGAC 	9.61908284024e-05
DME_GAAWTGKG 	8.93519185997e-05
DME_GVCCGGGC 	7.47325740737e-05
DME_CRGGCGCGGTGGCTYA 	6.91729121748e-05
MDmodule_Motif.14.10 	6.15148019992e-05
DME_TDTGTKTG 	5.70864197531e-05
DME_WTATTTKG 	5.56443972455e-05
CTCCTGCCTCAGCCTCCC_18 	5.50658226253e-05
MEME_1_w14 	5.17790655357e-05
Weeder_1 	4.68376028482e-05
DME_TGTATTTGGGGT 	4.55089443185e-05
DME_GGGGATKB 	4.46824330121e-05
Homer_10_4 	4.42129633564e-05
DME_KGKKTGKKTG 	4.32119119342e-05
DME_KGARGCTT 	4.19410430839e-05
AMD_Motif8 	4.18453419329e-05
RSCCDGCC_8 	4.02736686391e-05
BioProspector_w8_2 	3.94044333303e-05
DME_GGYGBGBGGA 	3.79384583071e-05
DECOD_Motif3_8 	3.5177006943e-05
length.18.1 	3.27316013314e-05
DME_GWGSKCARGR 	3.26568670535e-05
DME_TGTTTGTTTGTT 	3.04119809689e-05
GCCCAGGCTG_10 	2.96885272847e-05
DME_GGGTTCAAGHGA 	2.91257243638e-05
MDmodule_Motif.14.6 	2.91257243638e-05
DME_TGAGSTCRGGAGTT 	2.91257243638e-05
Improbizer_TAAAAATATAAA 	2.76416728335e-05
DME_CRGGCGCGSTGG 	2.63461516021e-05
DME_AGCCTGGGCRACASAG 	2.63461516021e-05
DME_GWSSTYAGRKRR 	2.4869791888e-05
DME_CGGGAGGCTGAGGCAG 	2.41166658131e-05
DME_AGGTCRGGAGTTYS 	2.04202126472e-05
Homer_12_5 	1.96502059362e-05
DME_AAGTGCTGGGAYTACA 	1.90006574622e-05
m4_c2_GTGGynnryrCCTGTAATCCCAGCwCyTn 	1.6648373082e-05
DME_AGGTCRGGAGTT 	1.06878698225e-05
DME_TKAAYTGT 	9.48873966733e-06
MDmodule_Motif.14.9 	8.79194010635e-06
DME_GKTYTGTT 	5.76542500559e-06
length.20.17 	5.1225884948e-06
DME_ATTTGGGGTTMG 	4.2850907439e-06
DME_GGTTCAAGCGATTC 	2.87159240351e-06
WAAAAATACAAAAATW_16 	1.72047046671e-06
DME_TGAGGTTTGTTG 	1.18754109139e-06
Homer_10_1 	3.8337457754e-07
DME_KGTBARGAGK 	2.3486203852e-07
DME_KGRCTCAA 	0.0
DME_YYTGAGGT 	0.0
DME_TTBAGYMMMG 	0.0
DME_CMRGGCGCGS 	0.0
m5_c3_ArTTsnAswCCAGCCTGrsCAACATrGnrAAACCCCsT 	0.0
BioProspector_w8_5 	0.0
DME_TKTTTGTTTGTTTGTT 	0.0
DME_TCAGVTKATY 	0.0
DME_CSRGGTTCAAGCGATT 	0.0
BioProspector_w8_1 	0.0
DME_GGGTTCAAGCGATT 	0.0
DME_AGGTCRGGAGTTYSAG 	0.0
DME_TGAGAYGGAGTYTC 	0.0
DME_TKTRGGGKTV 	0.0
DME_CWRHAYTTGG 	0.0
DME_VTGAGGTSRG 	0.0
DME_CYGARGTC 	0.0
length.20.13 	0.0
DME_GTCRGGASTT 	0.0
DME_GGGAYTACAGGC 	0.0
TKTKTGTWTK_10 	0.0
DME_TTTGAGGTTTGTTG 	0.0
BioProspector_w14_2 	0.0
BioProspector_w14_3 	0.0
DME_CATGVATG 	0.0
BioProspector_w14_1 	0.0
BioProspector_w14_4 	0.0
BioProspector_w14_5 	0.0
DME_RGATMAYYTGAG 	0.0
DME_CARGWGAATCGCTTGA 	0.0
DME_GTTTGTTTGTTTGTTT 	0.0
MEME_2_w14 	0.0
TTTTGTATTTTTAGTWGW_18 	0.0
DME_CYCWGRTDWT 	0.0
DME_GMTRTATT 	0.0
length.20.1 	0.0
DME_TTGRSMYGSA 	0.0
DME_ASACVSWGTYKC 	0.0
DME_TTGGGGTTCGTT 	0.0
BioProspector_w12_1 	0.0
BioProspector_w12_2 	0.0
BioProspector_w12_3 	0.0
BioProspector_w12_5 	0.0
Weeder_3 	0.0
Weeder_2 	0.0
CCTGCCTCAGSCTC_14 	0.0
DME_RGGSGMGGKGVC 	0.0
DME_AGGYTKDKMT 	0.0
length.18.13 	0.0
length.18.17 	0.0
length.18.15 	0.0
length.16.7 	0.0
DME_TTTGTTTGTTTG 	0.0
DME_TGAGAYGGAGTY 	0.0
DME_AGKGACWT 	0.0
Improbizer_CGGCCGCGCGCGCCGG 	0.0
DME_AAGGAGGM 	0.0
DME_TTTGAGMYGGAG 	0.0
DME_GGTCRGGAGTTY 	0.0
DME_TATTTGAGGTTTGTTG 	0.0
length.16.13 	0.0
length.16.15 	0.0
DME_TGASSYCRGSAG 	0.0
DME_GGTTTGTTGC 	0.0
length.12.1 	0.0
DME_TTKGYGTG 	0.0
BioProspector_w8_4 	0.0
DME_RCCRGGCGCGGTGGCT 	0.0
DME_CAGGCGCGGTGGCT 	0.0
DME_GCGGCGGCGGCG 	0.0
DME_TGGGTGTGGTGGCA 	0.0
DME_TTTKTTTGTTTGTTTG 	0.0
DME_TTGGGGTTCGTTGC 	0.0
length.14.1 	0.0
DME_GTGTGBTG 	0.0
CCYGCCTCAGCCTCCC_16 	0.0
DME_TTWTTYAMWR 	0.0
AMD_Motif4 	0.0
AMD_Motif6 	0.0
AMD_Motif7 	0.0
AMD_Motif1 	0.0
AMD_Motif2 	0.0
DME_GGSABGARMC 	0.0
DME_TTTGGGGTTCGTTG 	0.0
DME_AGKMAGRMGR 	0.0
AMD_Motif9 	0.0
DME_CCKTGAGS 	0.0
DME_GGSTGAGGCAGRWG 	0.0
DME_CRGGCGCGGTGGCT 	0.0
DME_GHGSCSGCGS 	0.0
DME_GTKTGTTHRH 	0.0
MEME_9_w14 	0.0
DME_TTGTTTGTTTGT 	0.0
DME_ATYVYCTSWGSY 	0.0
DME_TTGAGGTTTGTTGC 	0.0
DME_NGACYTCAGV 	0.0
DECOD_Motif5_8 	0.0
GGCTGAGGCAGG_12 	0.0
DME_CRGGYGCRGK 	0.0
CCTCAGCCTCCC_12 	0.0
DME_GTTTGTTTGTTK 	0.0
DME_TATATTTGGGGTTCGT 	0.0
length.14.15 	0.0
m3_c1_nTTTTTwTTTTTw 	0.0
DME_GACCTYARRK 	0.0
DME_DGHGGCSGSG 	0.0
CTCCTGCCWCWGCC_14 	0.0
DME_CCAGGCGCAGTGGC 	0.0
DME_ATTTGAGGTTTGTTGC 	0.0
DME_TGTKYGTT 	0.0
DECOD_Motif1_8 	0.0
DME_RTRTKYGKGG 	0.0
DME_GCCTKYAA 	0.0
DME_TRKGTGTT 	0.0
DME_CTMRAGTG 	0.0
CCTGTAAWCCCAGCACTT_18 	0.0
DME_TGASSTCARB 	0.0
DME_GAGGTCRGGAGTTCSA 	0.0
GGAGGCYGAGGCRG_14 	0.0
DME_TATTTGGGGTTTGT 	0.0
DME_KWGWYTGTKT 	0.0
DME_CTGTATTTGGGGTT 	0.0
DME_TAAAGTGCTGGG 	0.0
Improbizer_GCCCCGCGGCC 	0.0
DME_AGACGGAGTC 	0.0
DME_YTTTTARWRA 	0.0
DME_CTKGGTGTGGYGGC 	0.0
TTTTGTATTTKT_12 	0.0
DME_TTTTTAAAAAAT 	0.0
DME_GGTCRGGAGTTYSAGA 	0.0
Homer_12_4 	0.0
Homer_12_3 	0.0
Homer_12_1 	0.0
DME_GGTTCAAGCGATTCWC 	0.0
Homer_10_2 	0.0
Homer_10_3 	0.0
Homer_10_5 	0.0
DME_ATCACCTGAGSYCAGG 	0.0
DME_ARGWGAATCGCTTGAA 	0.0
DME_YTATAWTT 	0.0
DME_TTATTATTATTATT 	0.0
DME_RGGCGCGGTGGCTYAC 	0.0
DME_AAMRGAGG 	0.0
DME_TATTTGGGGTTCGT 	0.0
DME_TTTGTTTGTTTGTT 	0.0
DME_TKTTTGTTTGTTTG 	0.0
DME_GGGGTTCGTTGC 	0.0
Improbizer_TCTTCATGTGT 	0.0
DME_RANTRCAGSC 	0.0
DME_TTGAACCCGGRAGGCG 	0.0
CAGCCTGGGC_10 	0.0
DME_CCRGGCGCGGTGGCTY 	0.0
DME_GCYATWWKTS 	0.0
DME_GCGCGGTGGCTY 	0.0
Homer_14_4 	0.0
Homer_14_5 	0.0
Homer_14_1 	0.0
Homer_14_2 	0.0
Homer_14_3 	0.0
DME_TGGGGTTCGTTG 	0.0
DME_TTGAGAYGGAGTYT 	0.0
length.14.25 	0.0
DME_GGCGCGGTGGCTYACR 	0.0
DME_TAYTTGRG 	0.0
DME_AGGCARGWGRATCRCT 	0.0
CYCAGGCTGG_10 	0.0
DECOD_Motif4_8 	0.0
DME_TGCTGGGATTACAGGC 	0.0
DME_WAGKGVTGKG 	0.0
MEME_10_w14 	0.0
WGCTGGGAYTACAGGC_16 	0.0
DME_GAGGTTTGTTGC 	0.0
DME_GCTGGGAYTACAGGCK 	0.0
length.20.31 	0.0
DECOD_Motif2_14 	0.0
DECOD_Motif2_10 	0.0
DECOD_Motif2_12 	0.0
DME_TTGAGAYGGAGT 	0.0
DME_TWTAWTTG 	0.0
DME_ATTTGGGGTTCGTTGC 	0.0
length.12.13 	0.0
DME_GTACAGACGGGG 	0.0
DECOD_Motif4_14 	0.0
DECOD_Motif4_12 	0.0
DECOD_Motif4_10 	0.0
DME_TAYTTGGGGTTM 	0.0
DME_GCTATATTTGGGGTTC 	0.0
MDmodule_Motif.14.1 	0.0
MDmodule_Motif.14.3 	0.0
MDmodule_Motif.14.2 	0.0
MDmodule_Motif.14.5 	0.0
DME_TCATTAATGA 	0.0
DME_ATTTGGGGTTCGTT 	0.0
DME_GATCAYYTGAGSYC 	0.0
DME_TWGTTTKT 	0.0
DME_TATTTRAGSTTT 	0.0
DME_TCGGGAGGCTGAGGCA 	0.0
DME_TGTCGCCCAGGCTG 	0.0
Improbizer_TATATTTAGTAGA 	0.0
DME_GRGSTCRRSAGT 	0.0
DME_CGGRAGGCRGARGTTG 	0.0
GGGAGGCTGAGGCRGGMGGA_20 	0.0
KHGGGAGGCKGAGG_14 	0.0
DME_CTGGGATWACAGGC 	0.0
SSCAGGAG_8 	0.0
MEME_7_w14 	0.0
DME_AGGSTGAGGCAG 	0.0
MEME_8_w14 	0.0
DME_TGAGGCAGGWGA 	0.0
DME_TTKTTTGTTTGTTTGT 	0.0
DME_GCTATATTTGGGGT 	0.0
MEME_3_w14 	0.0
DME_ATATTTGGGGTTCGTT 	0.0
CCACTGCAYTCCAGCCTGGG_20 	0.0
length.20.7 	0.0
DME_CCTAAAGTGCTGGG 	0.0
DME_ATATTTGGGGTTCG 	0.0
DME_CACCTGAGSYCAGGAG 	0.0
DME_ASSTCAKRWG 	0.0
DME_ATTTGGGGTTTGTT 	0.0
DME_TCACCTGAGSYCAGGA 	0.0
DME_RGSGGAGKKG 	0.0
DME_TGWRGCMRGW 	0.0
KGCTCCCM_8 	0.0
DME_TGTTWACW 	0.0
DME_HAGGCTGKTC 	0.0
DME_CTGGGAYTACAGGCKT 	0.0
GAGGCTGAGGCRGGAGRA_18 	0.0
AGTGCTGGGRWTACAGGYGK_20 	0.0
length.18.7 	0.0
DME_GGGTTCAAGCGATTCT 	0.0
DME_GAGGTCRGGAGTTC 	0.0
DME_AYTTBGBGKT 	0.0
DME_GGCGCGBT 	0.0
CTCCYGCCTCAGCCTCCYRA_20 	0.0
DME_GTATTTGGGGTT 	0.0
BioProspector_w12_4 	0.0
m2_c1_nCCysCCyCmGCCyCCCn 	0.0
DME_TTGAGGTTTGTT 	0.0
Improbizer_CGAGATCTCGGCCCGGTGC 	0.0
Improbizer_TTTGAGACAGAG 	0.0
DME_RCCRGGCGMR 	0.0
length.14.17 	0.0
DME_GRCKGWGYYT 	0.0
length.14.13 	0.0
DME_ATTTGAGGTTTGTT 	0.0
AYTAAAAATAMAAA_14 	0.0
DME_CGCGGTGGCT 	0.0
m1_c1_mwmnnnnrCACACACACACAn 	0.0
DME_CTTGAACCCGGRAGGC 	0.0
DME_RCCRGGCGCGSTGG 	0.0
DME_GGCAGATCACCTGAGG 	0.0
DME_CTGGGCDTGRTG 	0.0
DME_TKTRGGGT 	0.0
DME_TRHABWTGGG 	0.0
DME_YAYTTKRGGK 	0.0
DME_TATTTGAGGTTTGT 	0.0
DME_TTTGGGGTTCGT 	0.0
DME_GGRAGGCRGARGTTGC 	0.0
DME_CCRGGCGCGGTGGC 	0.0
DME_TTTGAGAYGGAGTYTY 	0.0
length.16.1 	0.0
DECOD_Motif5_10 	0.0
DECOD_Motif5_12 	0.0
DECOD_Motif5_14 	0.0
DME_CTAAAGTGCTGGGA 	0.0
DME_TGAGGTCGGGAGTT 	0.0
DME_TTTGAGGTTTGT 	0.0
MEME_5_w14 	0.0
STYTSTGGRA_10 	0.0
DME_GCCGCRGK 	0.0
DME_KTTTGTTTGTTTGT 	0.0
DME_AGTKCTKT 	0.0
DME_AGGWGGYC 	0.0
DME_TATATTTGGGGTTC 	0.0
DME_GGCGCGSTGG 	0.0
DME_TGKRCTMAAR 	0.0
GGAGGSTGAGGCRGGRRR_18 	0.0
DME_TGWGMYGSAG 	0.0
DECOD_Motif1_14 	0.0
DME_TGAACCCGGRAGGC 	0.0
DME_TATTTGGGGTTT 	0.0
DECOD_Motif1_10 	0.0
DECOD_Motif1_12 	0.0
DECOD_Motif3_14 	0.0
DECOD_Motif3_12 	0.0
DECOD_Motif3_10 	0.0
MEME_6_w14 	0.0
DME_TTTGAGAYGGAGTY 	0.0
DME_GMGMGGKKRC 	0.0
DME_GGGGKAKG 	0.0
CCTCMRCCTCCYGRSY_16 	0.0
DME_ACTATAYTTGGG 	0.0
DME_GSWGAAGC 	0.0
DME_AGTGCTGGGAYTACAG 	0.0
DME_GTGGYMTG 	0.0
DME_TGKGCTMA 	0.0
GAGGRGRAGGGG_12 	0.0
AGKAGCYGGGATTACAGGCA_20 	0.0
DME_TATTTGGGGTTCGTTG 	0.0
CAGGCAYRYGCC_12 	0.0
DME_SGGGTTCAAGMG 	0.0
DME_TGCTGGGAYTACAG 	0.0
DME_GGCGCGGTGGCTYA 	0.0
DME_TGAGGTCRGGAGTTCS 	0.0
DME_RGGMGCGGKG 	0.0
length.12.9 	0.0
DME_CTATATTTGGGGTTCG 	0.0
DME_TKTGKYTGYW 	0.0
DME_CMTGAGSTCAGGAGTT 	0.0
WWTTTTTT_8 	0.0
DME_GGCGCGGTGGCT 	0.0
DME_TATWTTTW 	0.0
length.12.15 	0.0
DME_GATCAYYTGAGSYCRG 	0.0
length.16.17 	0.0
DME_THTGTTGC 	0.0
DME_ATTTGAGGTTTG 	0.0
GCCTGTAAYCCCWGCT_16 	0.0
Homer_8_4 	0.0
Homer_8_5 	0.0
DME_GTGCTGGGAYTACAGR 	0.0
Homer_8_2 	0.0
Homer_8_3 	0.0
DME_RGGCGCGGTGGCTY 	0.0
