<?xml version='1.0' encoding='UTF-8' standalone='yes'?>
<!DOCTYPE tomtom[
<!ELEMENT tomtom (model, targets, queries, runtime)>
<!ATTLIST tomtom version CDATA #REQUIRED release CDATA #REQUIRED>
<!ELEMENT model (command_line, distance_measure, threshold, background, host, when)>
<!ELEMENT command_line (#PCDATA)>
<!ELEMENT distance_measure EMPTY>
<!ATTLIST distance_measure value (allr|blic1|blic5|ed|kullback|llr1|llr5|pearson|sandelin) #REQUIRED>
<!ELEMENT threshold (#PCDATA)>
<!ATTLIST threshold type (evalue|qvalue) #REQUIRED>
<!ELEMENT background EMPTY>
<!ATTLIST background from (first_target|file) #REQUIRED A CDATA #REQUIRED C CDATA #REQUIRED G CDATA #REQUIRED T CDATA #REQUIRED file CDATA #IMPLIED>
<!ELEMENT host (#PCDATA)>
<!ELEMENT when (#PCDATA)>
<!-- each target is listed in order that the target was specified to the command line
     the motifs are not listed in any particular order -->
<!ELEMENT targets (target_file*)>
<!ELEMENT target_file (motif*)>
<!ATTLIST target_file index CDATA #REQUIRED source CDATA #REQUIRED name CDATA #REQUIRED 
  loaded CDATA #REQUIRED excluded CDATA #REQUIRED last_mod_date CDATA #REQUIRED>
<!-- currently there can only be one query file (but users should not assume this will always be true)
     the query motifs are specified in the order that they appear in the file
     the matches are ordered from best to worst -->
<!ELEMENT queries (query_file*)>
<!ELEMENT query_file (query*)>
<!ATTLIST query_file source CDATA #REQUIRED name CDATA #REQUIRED last_mod_date CDATA #REQUIRED>
<!ELEMENT query (motif,match*)>
<!ELEMENT match EMPTY>
<!ATTLIST match target IDREF #REQUIRED orientation (forward|reverse) "forward" 
  offset CDATA #REQUIRED pvalue CDATA #REQUIRED evalue CDATA #REQUIRED qvalue CDATA #REQUIRED>
<!-- motif contains the probability of each of the nucleotide bases at each position;
     i starts at 1; A, C, G and T are probabilities that sum to 1 -->
<!ELEMENT motif (pos*)>
<!ATTLIST motif id ID #REQUIRED name CDATA #REQUIRED alt CDATA #IMPLIED length CDATA #REQUIRED 
  nsites CDATA #IMPLIED evalue CDATA #IMPLIED url CDATA #IMPLIED>
<!ELEMENT pos EMPTY>
<!ATTLIST pos i CDATA #REQUIRED A CDATA #REQUIRED C CDATA #REQUIRED G CDATA #REQUIRED T CDATA #REQUIRED>
<!ELEMENT runtime EMPTY>
<!ATTLIST runtime cycles CDATA #REQUIRED seconds CDATA #REQUIRED>
]>
<tomtom version="4.10.0" release="Wed May 21 10:35:36 2014 +1000">
	<model>
		<command_line>tomtom -oc LMP_known_match -dist ed -thresh 0.5 -evalue LMP_selected_remove_sim.pwm /home/database/motif/motif_databases/HUMAN/HOCOMOCOv10_HUMAN_mono_meme_format.meme</command_line>
		<distance_measure value="ed"/>
		<threshold type="evalue">0.5</threshold>
		<background from="first_target" A="0.25" C="0.25" G="0.25" T="0.25"/>
		<host>liyc-OU</host>
		<when>Thu Aug 11 23:56:51 2016</when>
	</model>
	<targets>
		<target_file index="1" source="/home/database/motif/motif_databases/HUMAN/HOCOMOCOv10_HUMAN_mono_meme_format.meme" name="HOCOMOCOv10_HUMAN_mono_meme_format.meme" loaded="641" excluded="0" last_mod_date="Mon Mar 14 19:54:25 2016">
			<motif id="t_1_BHE41_HUMAN.H10MO.D" name="BHE41_HUMAN.H10MO.D" length="20" evalue="1.0e+000" nsites="10" url="http://hocomoco.autosome.ru/motif/BHE41_HUMAN.H10MO.D">
				<pos i="1" A="0.384021" C="0.0747423" G="0.167526" T="0.373711"/>
				<pos i="2" A="0" C="0.587629" G="0.412371" T="0"/>
				<pos i="3" A="0.298969" C="0.309278" G="0.298969" T="0.0927835"/>
				<pos i="4" A="0.402062" C="0.103093" G="0.494845" T="0"/>
				<pos i="5" A="0.103093" C="0.103093" G="0.412371" T="0.381443"/>
				<pos i="6" A="0" C="0.402062" G="0.494845" T="0.103093"/>
				<pos i="7" A="0" C="0.494845" G="0" T="0.505155"/>
				<pos i="8" A="0" C="1" G="0" T="0"/>
				<pos i="9" A="0.71134" C="0" G="0.195876" T="0.0927835"/>
				<pos i="10" A="0.206186" C="0.597938" G="0.0927835" T="0.103093"/>
				<pos i="11" A="0" C="0.103093" G="0.804124" T="0.0927835"/>
				<pos i="12" A="0" C="0" G="0" T="1"/>
				<pos i="13" A="0" C="0" G="1" T="0"/>
				<pos i="14" A="0.309278" C="0.597938" G="0.0927835" T="0"/>
				<pos i="15" A="0.412371" C="0.195876" G="0.103093" T="0.28866"/>
				<pos i="16" A="0" C="0.0927835" G="0.71134" T="0.195876"/>
				<pos i="17" A="0.494845" C="0.195876" G="0.309278" T="0"/>
				<pos i="18" A="0.402062" C="0.0927835" G="0.402062" T="0.103093"/>
				<pos i="19" A="0.309278" C="0.103093" G="0.587629" T="0"/>
				<pos i="20" A="0.231959" C="0.324742" G="0.324742" T="0.118557"/>
			</motif>
			<motif id="t_1_CENPB_HUMAN.H10MO.D" name="CENPB_HUMAN.H10MO.D" length="17" evalue="1.0e+000" nsites="2219" url="http://hocomoco.autosome.ru/motif/CENPB_HUMAN.H10MO.D">
				<pos i="1" A="0.0479946" C="0.0407841" G="0.0439387" T="0.867283"/>
				<pos i="2" A="0.138238" C="0.0125056" G="0.0206174" T="0.828639"/>
				<pos i="3" A="0.012055" C="0.95347" G="0.012055" T="0.02242"/>
				<pos i="4" A="0.000450653" C="0" G="0.997296" T="0.00225327"/>
				<pos i="5" A="0.0473186" C="0.284362" G="0.0216314" T="0.646688"/>
				<pos i="6" A="0.432627" C="0.0919333" G="0.0477693" T="0.42767"/>
				<pos i="7" A="0.178909" C="0.358269" G="0.329878" T="0.132943"/>
				<pos i="8" A="0.160883" C="0.221721" G="0.336638" T="0.280757"/>
				<pos i="9" A="0.990536" C="0" G="0.00405588" T="0.00540784"/>
				<pos i="10" A="0.290671" C="0.2758" G="0.0495719" T="0.383957"/>
				<pos i="11" A="0.219018" C="0.113114" G="0.667868" T="0"/>
				<pos i="12" A="0.00585849" C="0.985128" G="0.00901307" T="0"/>
				<pos i="13" A="0" C="0.000450653" G="0.999549" T="0"/>
				<pos i="14" A="0.00788644" C="0.00157729" G="0.988508" T="0.00202794"/>
				<pos i="15" A="0.0743578" C="0.0536278" G="0.803966" T="0.0680487"/>
				<pos i="16" A="0.338328" C="0.118409" G="0.130126" T="0.413137"/>
				<pos i="17" A="0.29822" C="0.177895" G="0.149504" T="0.37438"/>
			</motif>
			<motif id="t_1_CPEB1_HUMAN.H10MO.D" name="CPEB1_HUMAN.H10MO.D" length="17" evalue="1.0e+000" nsites="1803" url="http://hocomoco.autosome.ru/motif/CPEB1_HUMAN.H10MO.D">
				<pos i="1" A="0.163616" C="0.21797" G="0.0892956" T="0.529118"/>
				<pos i="2" A="0.000554631" C="0.000554631" G="0.000554631" T="0.998336"/>
				<pos i="3" A="0.00471436" C="0.0036051" G="0.000277316" T="0.991403"/>
				<pos i="4" A="0.000693289" C="0.00180255" G="0.000138658" T="0.997366"/>
				<pos i="5" A="0" C="0.00166389" G="0" T="0.998336"/>
				<pos i="6" A="0.996672" C="0.000554631" G="0.00221852" T="0.000554631"/>
				<pos i="7" A="0.00221852" C="0.0543539" G="0.00332779" T="0.9401"/>
				<pos i="8" A="0.12812" C="0.235718" G="0.0282862" T="0.607876"/>
				<pos i="9" A="0.181919" C="0.250693" G="0.0732113" T="0.494176"/>
				<pos i="10" A="0.0926234" C="0.223516" G="0.0482529" T="0.635607"/>
				<pos i="11" A="0.0809762" C="0.184138" G="0.0343871" T="0.700499"/>
				<pos i="12" A="0.0654465" C="0.135885" G="0.0260677" T="0.772601"/>
				<pos i="13" A="0.100388" C="0.118136" G="0.0160843" T="0.765391"/>
				<pos i="14" A="0.181226" C="0.0991403" G="0.0115086" T="0.708125"/>
				<pos i="15" A="0.224071" C="0.116473" G="0.0232945" T="0.636162"/>
				<pos i="16" A="0.240294" C="0.168747" G="0.0345258" T="0.556434"/>
				<pos i="17" A="0.223655" C="0.210344" G="0.0700222" T="0.495979"/>
			</motif>
			<motif id="t_1_FOXA1_HUMAN.H10MO.A" name="FOXA1_HUMAN.H10MO.A" length="13" evalue="1.0e+000" nsites="500" url="http://hocomoco.autosome.ru/motif/FOXA1_HUMAN.H10MO.A">
				<pos i="1" A="0.398975" C="0.182327" G="0.187028" T="0.23167"/>
				<pos i="2" A="0.00826897" C="0.00375168" G="0.00388558" T="0.984094"/>
				<pos i="3" A="0.358522" C="0" G="0.641478" T="0"/>
				<pos i="4" A="0.0216012" C="0" G="0.00203989" T="0.976359"/>
				<pos i="5" A="0.00879779" C="0.00407342" G="0.076102" T="0.911027"/>
				<pos i="6" A="0" C="0" G="0.135029" T="0.864971"/>
				<pos i="7" A="0.742698" C="0.0238258" G="0.231642" T="0.00183487"/>
				<pos i="8" A="0" C="0.910556" G="0.0100907" T="0.0793529"/>
				<pos i="9" A="0.446029" C="0.0620122" G="0.00199759" T="0.489961"/>
				<pos i="10" A="0.0201771" C="0.320212" G="0.109447" T="0.550163"/>
				<pos i="11" A="0.446702" C="0.00434972" G="0.015934" T="0.533014"/>
				<pos i="12" A="0.235257" C="0.145601" G="0.399285" T="0.219857"/>
				<pos i="13" A="0.100159" C="0.349357" G="0.207569" T="0.342915"/>
			</motif>
			<motif id="t_1_FOXF1_HUMAN.H10MO.D" name="FOXF1_HUMAN.H10MO.D" length="11" evalue="1.0e+000" nsites="8" url="http://hocomoco.autosome.ru/motif/FOXF1_HUMAN.H10MO.D">
				<pos i="1" A="0.415441" C="0.150735" G="0.150735" T="0.283088"/>
				<pos i="2" A="0" C="0" G="0" T="1"/>
				<pos i="3" A="0.132353" C="0" G="0.867647" T="0"/>
				<pos i="4" A="0" C="0" G="0" T="1"/>
				<pos i="5" A="0" C="0" G="0" T="1"/>
				<pos i="6" A="0" C="0" G="0" T="1"/>
				<pos i="7" A="0.735294" C="0.0661765" G="0.198529" T="0"/>
				<pos i="8" A="0" C="0.132353" G="0" T="0.867647"/>
				<pos i="9" A="0.0183824" C="0.150735" G="0.150735" T="0.680147"/>
				<pos i="10" A="0.264706" C="0.169118" G="0" T="0.566176"/>
				<pos i="11" A="0.433824" C="0" G="0.0367647" T="0.529412"/>
			</motif>
			<motif id="t_1_FOXG1_HUMAN.H10MO.D" name="FOXG1_HUMAN.H10MO.D" length="17" evalue="1.0e+000" nsites="310" url="http://hocomoco.autosome.ru/motif/FOXG1_HUMAN.H10MO.D">
				<pos i="1" A="0.358401" C="0.152211" G="0.184546" T="0.304842"/>
				<pos i="2" A="0.150363" C="0.111006" G="0.121169" T="0.617462"/>
				<pos i="3" A="0.0331685" C="0.0359386" G="0.0296571" T="0.901236"/>
				<pos i="4" A="0.102368" C="0.0199567" G="0.857718" T="0.0199567"/>
				<pos i="5" A="0" C="0.00314078" G="0.00942233" T="0.987437"/>
				<pos i="6" A="0" C="0" G="0.231872" T="0.768128"/>
				<pos i="7" A="0.00332612" C="0" G="0.0925754" T="0.904099"/>
				<pos i="8" A="0.68756" C="0.164247" G="0.108465" T="0.0397281"/>
				<pos i="9" A="0.0395428" C="0.35327" G="0.0254969" T="0.58169"/>
				<pos i="10" A="0.309134" C="0.0957161" G="0.292298" T="0.302852"/>
				<pos i="11" A="0.191062" C="0.0709505" G="0.118618" T="0.61937"/>
				<pos i="12" A="0.366419" C="0.0569047" G="0.178488" T="0.398188"/>
				<pos i="13" A="0.061572" C="0.0549198" G="0.0200005" T="0.863508"/>
				<pos i="14" A="0.313891" C="0.0396767" G="0.316291" T="0.330141"/>
				<pos i="15" A="0.0490552" C="0.0747375" G="0.0882273" T="0.78798"/>
				<pos i="16" A="0.238727" C="0.0548734" G="0.078527" T="0.627873"/>
				<pos i="17" A="0.0828236" C="0.134373" G="0.197014" T="0.585789"/>
			</motif>
			<motif id="t_1_FOXJ2_HUMAN.H10MO.C" name="FOXJ2_HUMAN.H10MO.C" length="10" evalue="1.0e+000" nsites="41" url="http://hocomoco.autosome.ru/motif/FOXJ2_HUMAN.H10MO.C">
				<pos i="1" A="0" C="0.0237467" G="0" T="0.976253"/>
				<pos i="2" A="0.308707" C="0" G="0.643799" T="0.0474934"/>
				<pos i="3" A="0" C="0" G="0.0237467" T="0.976253"/>
				<pos i="4" A="0" C="0" G="0" T="1"/>
				<pos i="5" A="0" C="0" G="0" T="1"/>
				<pos i="6" A="0.548813" C="0" G="0.451187" T="0"/>
				<pos i="7" A="0" C="0.192612" G="0" T="0.807388"/>
				<pos i="8" A="0.118734" C="0.216359" G="0" T="0.664908"/>
				<pos i="9" A="0" C="0.0237467" G="0.237467" T="0.738786"/>
				<pos i="10" A="0.465699" C="0.0831135" G="0.130607" T="0.32058"/>
			</motif>
			<motif id="t_1_FOXJ3_HUMAN.H10MO.A" name="FOXJ3_HUMAN.H10MO.A" length="13" evalue="1.0e+000" nsites="626" url="http://hocomoco.autosome.ru/motif/FOXJ3_HUMAN.H10MO.A">
				<pos i="1" A="0.194096" C="0.146471" G="0.16469" T="0.494743"/>
				<pos i="2" A="0" C="0" G="0" T="1"/>
				<pos i="3" A="0.0829351" C="0" G="0.91438" T="0.00268455"/>
				<pos i="4" A="0.00107382" C="0" G="0" T="0.998926"/>
				<pos i="5" A="0" C="0" G="0" T="1"/>
				<pos i="6" A="0.00883421" C="0" G="0.175693" T="0.815473"/>
				<pos i="7" A="0.818242" C="0" G="0.0369269" T="0.144831"/>
				<pos i="8" A="0" C="0.0711126" G="0" T="0.928887"/>
				<pos i="9" A="0.113282" C="0" G="0.43021" T="0.456508"/>
				<pos i="10" A="0.0440217" C="0" G="0.325679" T="0.630299"/>
				<pos i="11" A="0.0527816" C="0" G="0.0291214" T="0.918097"/>
				<pos i="12" A="0.00586565" C="0.0101355" G="0.0168075" T="0.967191"/>
				<pos i="13" A="0.358521" C="0.0703788" G="0.138458" T="0.432642"/>
			</motif>
			<motif id="t_1_FOXL1_HUMAN.H10MO.D" name="FOXL1_HUMAN.H10MO.D" length="19" evalue="1.0e+000" nsites="1207" url="http://hocomoco.autosome.ru/motif/FOXL1_HUMAN.H10MO.D">
				<pos i="1" A="0.160522" C="0.163836" G="0.222659" T="0.452983"/>
				<pos i="2" A="0.140224" C="0.189105" G="0.444283" T="0.226388"/>
				<pos i="3" A="0.191176" C="0.0403894" G="0.132353" T="0.636081"/>
				<pos i="4" A="0.062966" C="0.0240265" G="0.041425" T="0.871582"/>
				<pos i="5" A="0.000621375" C="0.000621375" G="0.000621375" T="0.998136"/>
				<pos i="6" A="0.0874068" C="0.00041425" G="0.905137" T="0.00704225"/>
				<pos i="7" A="0.008285" C="0" G="0" T="0.991715"/>
				<pos i="8" A="0" C="0" G="0" T="1"/>
				<pos i="9" A="0" C="0" G="0" T="1"/>
				<pos i="10" A="0.470588" C="0" G="0.529412" T="0"/>
				<pos i="11" A="0" C="0" G="0" T="1"/>
				<pos i="12" A="0" C="0" G="0" T="1"/>
				<pos i="13" A="0" C="0" G="0" T="1"/>
				<pos i="14" A="0.985915" C="0" G="0.011599" T="0.0024855"/>
				<pos i="15" A="0.0008285" C="0.512013" G="0.0008285" T="0.48633"/>
				<pos i="16" A="0.414872" C="0.0188484" G="0.0213339" T="0.544946"/>
				<pos i="17" A="0.103977" C="0.0144988" G="0.0186413" T="0.862883"/>
				<pos i="18" A="0.226181" C="0.0173985" G="0.014913" T="0.741508"/>
				<pos i="19" A="0.193248" C="0.125311" G="0.0838857" T="0.597556"/>
			</motif>
			<motif id="t_1_HNF6_HUMAN.H10MO.C" name="HNF6_HUMAN.H10MO.C" length="14" evalue="1.0e+000" nsites="24" url="http://hocomoco.autosome.ru/motif/HNF6_HUMAN.H10MO.C">
				<pos i="1" A="0.319048" C="0.0809524" G="0.180952" T="0.419048"/>
				<pos i="2" A="0.309524" C="0.157143" G="0" T="0.533333"/>
				<pos i="3" A="0.0904762" C="0.157143" G="0.0428571" T="0.709524"/>
				<pos i="4" A="1" C="0" G="0" T="0"/>
				<pos i="5" A="0" C="0" G="0" T="1"/>
				<pos i="6" A="0" C="0.047619" G="0.128571" T="0.82381"/>
				<pos i="7" A="0" C="0" G="1" T="0"/>
				<pos i="8" A="0.957143" C="0" G="0.0428571" T="0"/>
				<pos i="9" A="0" C="0.295238" G="0" T="0.704762"/>
				<pos i="10" A="0.0809524" C="0.047619" G="0.0904762" T="0.780952"/>
				<pos i="11" A="0.204762" C="0.114286" G="0" T="0.680952"/>
				<pos i="12" A="0.314286" C="0.128571" G="0.0761905" T="0.480952"/>
				<pos i="13" A="0.247619" C="0.0904762" G="0.280952" T="0.380952"/>
				<pos i="14" A="0.305952" C="0.205952" G="0.129762" T="0.358333"/>
			</motif>
			<motif id="t_1_MEF2C_HUMAN.H10MO.C" name="MEF2C_HUMAN.H10MO.C" length="13" evalue="1.0e+000" nsites="498" url="http://hocomoco.autosome.ru/motif/MEF2C_HUMAN.H10MO.C">
				<pos i="1" A="0.298043" C="0.0494327" G="0.255559" T="0.396965"/>
				<pos i="2" A="0.133421" C="0.0902713" G="0.317342" T="0.458965"/>
				<pos i="3" A="0.0416388" C="0.681962" G="0.0654795" T="0.21092"/>
				<pos i="4" A="0.00326481" C="0.0430242" G="0" T="0.953711"/>
				<pos i="5" A="0.945091" C="0.00869372" G="0.00517371" T="0.0410414"/>
				<pos i="6" A="0.0759243" C="0" G="0.00210304" T="0.921973"/>
				<pos i="7" A="0.0686302" C="0.00496787" G="0.00667332" T="0.919729"/>
				<pos i="8" A="0.026224" C="0.0261314" G="0.0051807" T="0.942464"/>
				<pos i="9" A="0.162053" C="0.0961298" G="0.0188017" T="0.723015"/>
				<pos i="10" A="0.13286" C="0.0363541" G="0.107722" T="0.723064"/>
				<pos i="11" A="0.527069" C="0.00149503" G="0.466071" T="0.00536509"/>
				<pos i="12" A="0.186851" C="0.061177" G="0.619831" T="0.132141"/>
				<pos i="13" A="0.409286" C="0.276808" G="0.128634" T="0.185272"/>
			</motif>
			<motif id="t_1_MYC_HUMAN.H10MO.A" name="MYC_HUMAN.H10MO.A" length="11" evalue="1.0e+000" nsites="341" url="http://hocomoco.autosome.ru/motif/MYC_HUMAN.H10MO.A">
				<pos i="1" A="0.159809" C="0.13474" G="0.50058" T="0.20487"/>
				<pos i="2" A="0.503665" C="0.242293" G="0.138651" T="0.115391"/>
				<pos i="3" A="0.103824" C="0.330308" G="0.504237" T="0.0616314"/>
				<pos i="4" A="0.0321262" C="0.960803" G="0.00707081" T="0"/>
				<pos i="5" A="0.942601" C="0.0175032" G="0.0398958" T="0"/>
				<pos i="6" A="0.0035354" C="0.929202" G="0.023439" T="0.043824"/>
				<pos i="7" A="0.0494556" C="0.0120906" G="0.929113" T="0.00934082"/>
				<pos i="8" A="0.0276522" C="0.0927915" G="0.00667799" T="0.872878"/>
				<pos i="9" A="0.0017677" C="0.00384131" G="0.979332" T="0.0150593"/>
				<pos i="10" A="0.0290606" C="0.0722827" G="0.76379" T="0.134867"/>
				<pos i="11" A="0.117396" C="0.475937" G="0.0806206" T="0.326046"/>
			</motif>
			<motif id="t_1_NKX31_HUMAN.H10MO.C" name="NKX31_HUMAN.H10MO.C" length="13" evalue="1.0e+000" nsites="43" url="http://hocomoco.autosome.ru/motif/NKX31_HUMAN.H10MO.C">
				<pos i="1" A="0.547804" C="0.0343864" G="0.0555862" T="0.362223"/>
				<pos i="2" A="0.5106" C="0.0899726" G="0.0423997" T="0.357028"/>
				<pos i="3" A="0.0423997" C="0.0687727" G="0" T="0.888828"/>
				<pos i="4" A="0.973627" C="0.0263731" G="0" T="0"/>
				<pos i="5" A="0.904854" C="0.0527462" G="0" T="0.0423997"/>
				<pos i="6" A="0.0951458" C="0" G="0.778162" T="0.126692"/>
				<pos i="7" A="0" C="0" G="0" T="1"/>
				<pos i="8" A="0.848783" C="0.0400441" G="0.111172" T="0"/>
				<pos i="9" A="0.190292" C="0.163919" G="0.0452174" T="0.600572"/>
				<pos i="10" A="0.536973" C="0.0400441" G="0.0899726" T="0.33301"/>
				<pos i="11" A="0.216665" C="0.196434" G="0.111172" T="0.475729"/>
				<pos i="12" A="0.470556" C="0.0475729" G="0.185118" T="0.296753"/>
				<pos i="13" A="0.419218" C="0.138954" G="0.0913814" T="0.350446"/>
			</motif>
			<motif id="t_1_NRF1_HUMAN.H10MO.A" name="NRF1_HUMAN.H10MO.A" length="18" evalue="1.0e+000" nsites="500" url="http://hocomoco.autosome.ru/motif/NRF1_HUMAN.H10MO.A">
				<pos i="1" A="0.0581584" C="0.473876" G="0.317026" T="0.15094"/>
				<pos i="2" A="0.0643139" C="0.279085" G="0.133521" T="0.52308"/>
				<pos i="3" A="0.0570794" C="0.00575995" G="0.935578" T="0.00158257"/>
				<pos i="4" A="0.0838135" C="0.859584" G="0.0475446" T="0.00905806"/>
				<pos i="5" A="0.0456267" C="0.0105768" G="0.938437" T="0.00535965"/>
				<pos i="6" A="0.00796144" C="0.966988" G="0.0218203" T="0.00323059"/>
				<pos i="7" A="0.312704" C="0.463388" G="0.158151" T="0.0657574"/>
				<pos i="8" A="0.0104383" C="0" G="0.00831184" T="0.98125"/>
				<pos i="9" A="0.00198333" C="0" G="0.998017" T="0"/>
				<pos i="10" A="0.0112264" C="0.98479" G="0" T="0.00398404"/>
				<pos i="11" A="0.00164078" C="0.00529553" G="0.981659" T="0.011405"/>
				<pos i="12" A="0" C="0.916207" G="0.00368327" T="0.0801099"/>
				<pos i="13" A="0.519231" C="0.146242" G="0.284801" T="0.0497262"/>
				<pos i="14" A="0.116954" C="0.247616" G="0.472835" T="0.162595"/>
				<pos i="15" A="0.127417" C="0.234995" G="0.263108" T="0.37448"/>
				<pos i="16" A="0.147512" C="0.248935" G="0.542884" T="0.0606686"/>
				<pos i="17" A="0.10735" C="0.313182" G="0.440913" T="0.138555"/>
				<pos i="18" A="0.120482" C="0.30817" G="0.439782" T="0.131566"/>
			</motif>
			<motif id="t_1_PIT1_HUMAN.H10MO.C" name="PIT1_HUMAN.H10MO.C" length="13" evalue="1.0e+000" nsites="38" url="http://hocomoco.autosome.ru/motif/PIT1_HUMAN.H10MO.C">
				<pos i="1" A="0.0817152" C="0.444175" G="0.12055" T="0.35356"/>
				<pos i="2" A="0.23301" C="0.142395" G="0.0453074" T="0.579288"/>
				<pos i="3" A="0.401294" C="0.446602" G="0.126214" T="0.02589"/>
				<pos i="4" A="0.660194" C="0.106796" G="0" T="0.23301"/>
				<pos i="5" A="0.0841424" C="0" G="0" T="0.915858"/>
				<pos i="6" A="0.0161812" C="0" G="0.983819" T="0"/>
				<pos i="7" A="0.569579" C="0.165049" G="0.135922" T="0.12945"/>
				<pos i="8" A="0.919094" C="0" G="0" T="0.0809061"/>
				<pos i="9" A="0.271845" C="0" G="0.0485437" T="0.679612"/>
				<pos i="10" A="0.880259" C="0" G="0.0323625" T="0.0873786"/>
				<pos i="11" A="0.262136" C="0" G="0" T="0.737864"/>
				<pos i="12" A="0.533981" C="0" G="0.15534" T="0.31068"/>
				<pos i="13" A="0.166667" C="0.312298" G="0.131068" T="0.389968"/>
			</motif>
			<motif id="t_1_PO3F2_HUMAN.H10MO.D" name="PO3F2_HUMAN.H10MO.D" length="10" evalue="1.0e+000" nsites="65" url="http://hocomoco.autosome.ru/motif/PO3F2_HUMAN.H10MO.D">
				<pos i="1" A="0.544574" C="0.226744" G="0.0668605" T="0.161822"/>
				<pos i="2" A="0.418605" C="0" G="0.0368217" T="0.544574"/>
				<pos i="3" A="0.389535" C="0" G="0.120155" T="0.49031"/>
				<pos i="4" A="0.936531" C="0.0140504" G="0.00436047" T="0.0450581"/>
				<pos i="5" A="0.00872093" C="0.0135659" G="0.00872093" T="0.968992"/>
				<pos i="6" A="0.0130814" C="0.0188953" G="0.204942" T="0.763081"/>
				<pos i="7" A="0.169574" C="0.338178" G="0.00678295" T="0.485465"/>
				<pos i="8" A="0.860465" C="0" G="0.0426357" T="0.0968992"/>
				<pos i="9" A="0.20155" C="0.0794574" G="0.147287" T="0.571705"/>
				<pos i="10" A="0.196221" C="0.0896318" G="0.516957" T="0.19719"/>
			</motif>
			<motif id="t_1_SP2_HUMAN.H10MO.C" name="SP2_HUMAN.H10MO.C" length="22" evalue="1.0e+000" nsites="499" url="http://hocomoco.autosome.ru/motif/SP2_HUMAN.H10MO.C">
				<pos i="1" A="0.128506" C="0.25015" G="0.569094" T="0.0522498"/>
				<pos i="2" A="0.17999" C="0.246121" G="0.522944" T="0.0509449"/>
				<pos i="3" A="0.150745" C="0.282179" G="0.504652" T="0.0624231"/>
				<pos i="4" A="0.154503" C="0.318687" G="0.420573" T="0.106237"/>
				<pos i="5" A="0.287972" C="0.222099" G="0.384353" T="0.105576"/>
				<pos i="6" A="0.175203" C="0.100101" G="0.656845" T="0.0678515"/>
				<pos i="7" A="0.140003" C="0.0557475" G="0.706115" T="0.0981341"/>
				<pos i="8" A="0.296025" C="0.0548717" G="0.630486" T="0.0186169"/>
				<pos i="9" A="0.0377932" C="0.00424065" G="0.918605" T="0.0393614"/>
				<pos i="10" A="0.0121706" C="0.020841" G="0.956927" T="0.0100615"/>
				<pos i="11" A="0.0434209" C="0.889741" G="0.0128031" T="0.0540346"/>
				<pos i="12" A="0.0323577" C="0.0163721" G="0.900299" T="0.050971"/>
				<pos i="13" A="0.0125486" C="0.0201296" G="0.93459" T="0.0327319"/>
				<pos i="14" A="0.0993112" C="0.0868857" G="0.786049" T="0.0277539"/>
				<pos i="15" A="0.220787" C="0.177575" G="0.581706" T="0.0199321"/>
				<pos i="16" A="0.103825" C="0.604696" G="0.21865" T="0.0728292"/>
				<pos i="17" A="0.0500571" C="0.508124" G="0.233438" T="0.208381"/>
				<pos i="18" A="0.201308" C="0.190192" G="0.392593" T="0.215907"/>
				<pos i="19" A="0.129662" C="0.236977" G="0.526531" T="0.10683"/>
				<pos i="20" A="0.182017" C="0.25794" G="0.466039" T="0.0940045"/>
				<pos i="21" A="0.150512" C="0.185491" G="0.589305" T="0.074692"/>
				<pos i="22" A="0.122723" C="0.326366" G="0.49492" T="0.0559912"/>
			</motif>
		</target_file>
	</targets>
	<queries>
		<query_file source="LMP_selected_remove_sim.pwm" name="LMP_selected_remove_sim.pwm" last_mod_date="Thu Aug 11 23:55:47 2016">
			<query>
				<motif id="q_Improbizer_TCCAACATAAATATTT" name="Improbizer_TCCAACATAAATATTT" length="16" evalue="1.0e-003" nsites="100" >
					<pos i="1" A="0.126874" C="0.24975" G="0.126874" T="0.496503"/>
					<pos i="2" A="0.25025" C="0.373373" G="0.373373" T="0.00300399"/>
					<pos i="3" A="0.496999" C="0.496999" G="0.00300099" T="0.00300099"/>
					<pos i="4" A="0.496999" C="0.25" G="0.00300099" T="0.25"/>
					<pos i="5" A="0.619379" C="0.126874" G="0.126874" T="0.126874"/>
					<pos i="6" A="0.25025" C="0.743742" G="0.00300399" T="0.00300399"/>
					<pos i="7" A="0.866998" C="0.00300099" G="0.127" T="0.00300099"/>
					<pos i="8" A="0.127" C="0.00300099" G="0.00300099" T="0.866998"/>
					<pos i="9" A="0.990988" C="0.00300399" G="0.00300399" T="0.00300399"/>
					<pos i="10" A="0.742998" C="0.127" G="0.00300099" T="0.127"/>
					<pos i="11" A="0.866998" C="0.127" G="0.00300099" T="0.00300099"/>
					<pos i="12" A="0.00300399" C="0.00300399" G="0.00300399" T="0.990988"/>
					<pos i="13" A="0.990988" C="0.00300399" G="0.00300399" T="0.00300399"/>
					<pos i="14" A="0.126874" C="0.126874" G="0.24975" T="0.496503"/>
					<pos i="15" A="0.373" C="0.00300099" G="0.127" T="0.496999"/>
					<pos i="16" A="0.25" C="0.25" G="0.00300099" T="0.496999"/>
				</motif>
				<match target="t_1_FOXF1_HUMAN.H10MO.D" orientation="reverse" offset="-3" pvalue="5.94347e-05" evalue="0.0380977" qvalue="0.0646294"/>
				<match target="t_1_HNF6_HUMAN.H10MO.C" orientation="reverse" offset="-1" pvalue="0.000134578" evalue="0.0862646" qvalue="0.0646294"/>
				<match target="t_1_PO3F2_HUMAN.H10MO.D" orientation="reverse" offset="-5" pvalue="0.000159453" evalue="0.102209" qvalue="0.0646294"/>
				<match target="t_1_NKX31_HUMAN.H10MO.C" orientation="forward" offset="-5" pvalue="0.000316867" evalue="0.203112" qvalue="0.0730662"/>
				<match target="t_1_MEF2C_HUMAN.H10MO.C" orientation="reverse" offset="-3" pvalue="0.000368187" evalue="0.236008" qvalue="0.0730662"/>
				<match target="t_1_FOXJ3_HUMAN.H10MO.A" orientation="reverse" offset="-1" pvalue="0.000459826" evalue="0.294749" qvalue="0.0730662"/>
				<match target="t_1_FOXJ2_HUMAN.H10MO.C" orientation="reverse" offset="-3" pvalue="0.000488068" evalue="0.312852" qvalue="0.0730662"/>
				<match target="t_1_FOXG1_HUMAN.H10MO.D" orientation="reverse" offset="2" pvalue="0.000500167" evalue="0.320607" qvalue="0.0730662"/>
				<match target="t_1_PIT1_HUMAN.H10MO.C" orientation="forward" offset="-3" pvalue="0.000572316" evalue="0.366855" qvalue="0.0730662"/>
				<match target="t_1_FOXA1_HUMAN.H10MO.A" orientation="reverse" offset="-1" pvalue="0.000615168" evalue="0.394322" qvalue="0.0730662"/>
			</query>
			<query>
				<motif id="q_Improbizer_GAGGCCCGCGTTCTGCG" name="Improbizer_GAGGCCCGCGTTCTGCG" length="17" evalue="1.0e-003" nsites="100" >
					<pos i="1" A="0.373373" C="0.25025" G="0.373373" T="0.00300399"/>
					<pos i="2" A="0.496999" C="0.127" G="0.373" T="0.00300099"/>
					<pos i="3" A="0.25" C="0.00300099" G="0.496999" T="0.25"/>
					<pos i="4" A="0.126874" C="0.24975" G="0.496503" T="0.126874"/>
					<pos i="5" A="0.127" C="0.496999" G="0.373" T="0.00300099"/>
					<pos i="6" A="0.00300099" C="0.742998" G="0.127" T="0.127"/>
					<pos i="7" A="0.00300099" C="0.866998" G="0.127" T="0.00300099"/>
					<pos i="8" A="0.127" C="0.00300099" G="0.866998" T="0.00300099"/>
					<pos i="9" A="0.00300099" C="0.866998" G="0.00300099" T="0.127"/>
					<pos i="10" A="0.00300399" C="0.00300399" G="0.990988" T="0.00300399"/>
					<pos i="11" A="0.00300399" C="0.00300399" G="0.00300399" T="0.990988"/>
					<pos i="12" A="0.127" C="0.25" G="0.00300099" T="0.619999"/>
					<pos i="13" A="0.126874" C="0.619379" G="0.126874" T="0.126874"/>
					<pos i="14" A="0.126874" C="0.126874" G="0.24975" T="0.496503"/>
					<pos i="15" A="0.00300399" C="0.373373" G="0.620619" T="0.00300399"/>
					<pos i="16" A="0.127" C="0.619999" G="0.25" T="0.00300099"/>
					<pos i="17" A="0.126874" C="0.126874" G="0.496503" T="0.24975"/>
				</motif>
				<match target="t_1_BHE41_HUMAN.H10MO.D" orientation="forward" offset="1" pvalue="6.65644e-05" evalue="0.0426678" qvalue="0.0799096"/>
				<match target="t_1_SP2_HUMAN.H10MO.C" orientation="reverse" offset="4" pvalue="0.000126678" evalue="0.0812007" qvalue="0.0799096"/>
				<match target="t_1_MYC_HUMAN.H10MO.A" orientation="reverse" offset="-4" pvalue="0.000351896" evalue="0.225565" qvalue="0.127903"/>
				<match target="t_1_CENPB_HUMAN.H10MO.D" orientation="reverse" offset="-2" pvalue="0.000405521" evalue="0.259939" qvalue="0.127903"/>
			</query>
			<query>
				<motif id="q_Homer_12_5" name="Homer_12_5" length="12" evalue="1.0e-003" nsites="100" >
					<pos i="1" A="0.001001" C="0.996997" G="0.001001" T="0.001001"/>
					<pos i="2" A="0.001001" C="0.481999" G="0.515999" T="0.001001"/>
					<pos i="3" A="0.00400098" C="0.525999" G="0.00400098" T="0.465999"/>
					<pos i="4" A="0.001001" C="0.0420008" G="0.575999" T="0.380999"/>
					<pos i="5" A="0.001001" C="0.472999" G="0.524999" T="0.001001"/>
					<pos i="6" A="0.001001" C="0.182" G="0.00400098" T="0.812998"/>
					<pos i="7" A="0.422999" C="0.001001" G="0.574999" T="0.001001"/>
					<pos i="8" A="0.00400098" C="0.990997" G="0.00400098" T="0.001001"/>
					<pos i="9" A="0.426999" C="0.001001" G="0.525999" T="0.0460008"/>
					<pos i="10" A="0.001001" C="0.956997" G="0.0410008" T="0.001001"/>
					<pos i="11" A="0.516999" C="0.0960006" G="0.001001" T="0.385999"/>
					<pos i="12" A="0.001001" C="0.380999" G="0.575999" T="0.0420008"/>
				</motif>
				<match target="t_1_NRF1_HUMAN.H10MO.A" orientation="reverse" offset="0" pvalue="0.00019979" evalue="0.128065" qvalue="0.25613"/>
			</query>
			<query>
				<motif id="q_Improbizer_TGTTACAGTATCT" name="Improbizer_TGTTACAGTATCT" length="13" evalue="1.0e-003" nsites="100" >
					<pos i="1" A="0.24975" C="0.126874" G="0.126874" T="0.496503"/>
					<pos i="2" A="0.127" C="0.25" G="0.373" T="0.25"/>
					<pos i="3" A="0.00300099" C="0.25" G="0.127" T="0.619999"/>
					<pos i="4" A="0.25" C="0.00300099" G="0.25" T="0.496999"/>
					<pos i="5" A="0.496999" C="0.373" G="0.127" T="0.00300099"/>
					<pos i="6" A="0.00300399" C="0.990988" G="0.00300399" T="0.00300399"/>
					<pos i="7" A="0.866998" C="0.00300099" G="0.127" T="0.00300099"/>
					<pos i="8" A="0.00300099" C="0.127" G="0.866998" T="0.00300099"/>
					<pos i="9" A="0.00300399" C="0.00300399" G="0.00300399" T="0.990988"/>
					<pos i="10" A="0.990988" C="0.00300399" G="0.00300399" T="0.00300399"/>
					<pos i="11" A="0.00300099" C="0.127" G="0.00300099" T="0.866998"/>
					<pos i="12" A="0.00300099" C="0.866998" G="0.00300099" T="0.127"/>
					<pos i="13" A="0.25" C="0.25" G="0.00300099" T="0.496999"/>
				</motif>
			</query>
			<query>
				<motif id="q_DME_CACYYTGRGM" name="DME_CACYYTGRGM" length="10" evalue="1.0e-003" nsites="100" >
					<pos i="1" A="0" C="1" G="0" T="0"/>
					<pos i="2" A="1" C="0" G="0" T="0"/>
					<pos i="3" A="0" C="1" G="0" T="0"/>
					<pos i="4" A="0" C="0.222222" G="0" T="0.777778"/>
					<pos i="5" A="0" C="0.333333" G="0" T="0.666667"/>
					<pos i="6" A="0" C="0" G="0" T="1"/>
					<pos i="7" A="0" C="0" G="1" T="0"/>
					<pos i="8" A="0.333333" C="0" G="0.666667" T="0"/>
					<pos i="9" A="0" C="0" G="1" T="0"/>
					<pos i="10" A="0.666667" C="0.333333" G="0" T="0"/>
				</motif>
			</query>
			<query>
				<motif id="q_AAAAWTAYMMAAAT_14" name="AAAAWTAYMMAAAT_14" length="14" evalue="1.0e-003" nsites="100" >
					<pos i="1" A="0.999667" C="0.000111062" G="0.000111062" T="0.000111062"/>
					<pos i="2" A="0.888605" C="0.000111062" G="0.000111062" T="0.111173"/>
					<pos i="3" A="0.777543" C="0.000111062" G="0.000111062" T="0.222235"/>
					<pos i="4" A="0.888605" C="0.000111062" G="0.000111062" T="0.111173"/>
					<pos i="5" A="0.55542" C="0.000111062" G="0.000111062" T="0.444358"/>
					<pos i="6" A="0.000111062" C="0.222235" G="0.000111062" T="0.777543"/>
					<pos i="7" A="0.999667" C="0.000111062" G="0.000111062" T="0.000111062"/>
					<pos i="8" A="0.000111062" C="0.666482" G="0.000111062" T="0.333296"/>
					<pos i="9" A="0.666482" C="0.333296" G="0.000111062" T="0.000111062"/>
					<pos i="10" A="0.55542" C="0.333296" G="0.000111062" T="0.111173"/>
					<pos i="11" A="0.999667" C="0.000111062" G="0.000111062" T="0.000111062"/>
					<pos i="12" A="0.999667" C="0.000111062" G="0.000111062" T="0.000111062"/>
					<pos i="13" A="0.999667" C="0.000111062" G="0.000111062" T="0.000111062"/>
					<pos i="14" A="0.111173" C="0.000111062" G="0.111173" T="0.777543"/>
				</motif>
				<match target="t_1_CPEB1_HUMAN.H10MO.D" orientation="reverse" offset="4" pvalue="0.000237973" evalue="0.15254" qvalue="0.212741"/>
				<match target="t_1_FOXL1_HUMAN.H10MO.D" orientation="reverse" offset="0" pvalue="0.000336175" evalue="0.215488" qvalue="0.212741"/>
			</query>
		</query_file>
	</queries>
	<runtime cycles="37357300" seconds="37.357"/>
</tomtom>
