<?xml version='1.0' encoding='UTF-8' standalone='yes'?>
<!DOCTYPE tomtom[
<!ELEMENT tomtom (model, targets, queries, runtime)>
<!ATTLIST tomtom version CDATA #REQUIRED release CDATA #REQUIRED>
<!ELEMENT model (command_line, distance_measure, threshold, background, host, when)>
<!ELEMENT command_line (#PCDATA)>
<!ELEMENT distance_measure EMPTY>
<!ATTLIST distance_measure value (allr|blic1|blic5|ed|kullback|llr1|llr5|pearson|sandelin) #REQUIRED>
<!ELEMENT threshold (#PCDATA)>
<!ATTLIST threshold type (evalue|qvalue) #REQUIRED>
<!ELEMENT background EMPTY>
<!ATTLIST background from (first_target|file) #REQUIRED A CDATA #REQUIRED C CDATA #REQUIRED G CDATA #REQUIRED T CDATA #REQUIRED file CDATA #IMPLIED>
<!ELEMENT host (#PCDATA)>
<!ELEMENT when (#PCDATA)>
<!-- each target is listed in order that the target was specified to the command line
     the motifs are not listed in any particular order -->
<!ELEMENT targets (target_file*)>
<!ELEMENT target_file (motif*)>
<!ATTLIST target_file index CDATA #REQUIRED source CDATA #REQUIRED name CDATA #REQUIRED 
  loaded CDATA #REQUIRED excluded CDATA #REQUIRED last_mod_date CDATA #REQUIRED>
<!-- currently there can only be one query file (but users should not assume this will always be true)
     the query motifs are specified in the order that they appear in the file
     the matches are ordered from best to worst -->
<!ELEMENT queries (query_file*)>
<!ELEMENT query_file (query*)>
<!ATTLIST query_file source CDATA #REQUIRED name CDATA #REQUIRED last_mod_date CDATA #REQUIRED>
<!ELEMENT query (motif,match*)>
<!ELEMENT match EMPTY>
<!ATTLIST match target IDREF #REQUIRED orientation (forward|reverse) "forward" 
  offset CDATA #REQUIRED pvalue CDATA #REQUIRED evalue CDATA #REQUIRED qvalue CDATA #REQUIRED>
<!-- motif contains the probability of each of the nucleotide bases at each position;
     i starts at 1; A, C, G and T are probabilities that sum to 1 -->
<!ELEMENT motif (pos*)>
<!ATTLIST motif id ID #REQUIRED name CDATA #REQUIRED alt CDATA #IMPLIED length CDATA #REQUIRED 
  nsites CDATA #IMPLIED evalue CDATA #IMPLIED url CDATA #IMPLIED>
<!ELEMENT pos EMPTY>
<!ATTLIST pos i CDATA #REQUIRED A CDATA #REQUIRED C CDATA #REQUIRED G CDATA #REQUIRED T CDATA #REQUIRED>
<!ELEMENT runtime EMPTY>
<!ATTLIST runtime cycles CDATA #REQUIRED seconds CDATA #REQUIRED>
]>
<tomtom version="4.10.0" release="Wed May 21 10:35:36 2014 +1000">
	<model>
		<command_line>tomtom --oc LMP_tomtom_sim_out LMP_selected.pwm LMP_selected.pwm</command_line>
		<distance_measure value="pearson"/>
		<threshold type="qvalue">0.5</threshold>
		<background from="first_target" A="0.25" C="0.25" G="0.25" T="0.25"/>
		<host>liyc-OU</host>
		<when>Thu Aug 11 23:10:35 2016</when>
	</model>
	<targets>
		<target_file index="1" source="LMP_selected.pwm" name="LMP_selected.pwm" loaded="7" excluded="0" last_mod_date="Thu Aug 11 23:10:01 2016">
			<motif id="t_1_AAAAWTAYMMAAAT_14" name="AAAAWTAYMMAAAT_14" length="14" evalue="1.0e-003" nsites="100" >
				<pos i="1" A="0.999667" C="0.000111062" G="0.000111062" T="0.000111062"/>
				<pos i="2" A="0.888605" C="0.000111062" G="0.000111062" T="0.111173"/>
				<pos i="3" A="0.777543" C="0.000111062" G="0.000111062" T="0.222235"/>
				<pos i="4" A="0.888605" C="0.000111062" G="0.000111062" T="0.111173"/>
				<pos i="5" A="0.55542" C="0.000111062" G="0.000111062" T="0.444358"/>
				<pos i="6" A="0.000111062" C="0.222235" G="0.000111062" T="0.777543"/>
				<pos i="7" A="0.999667" C="0.000111062" G="0.000111062" T="0.000111062"/>
				<pos i="8" A="0.000111062" C="0.666482" G="0.000111062" T="0.333296"/>
				<pos i="9" A="0.666482" C="0.333296" G="0.000111062" T="0.000111062"/>
				<pos i="10" A="0.55542" C="0.333296" G="0.000111062" T="0.111173"/>
				<pos i="11" A="0.999667" C="0.000111062" G="0.000111062" T="0.000111062"/>
				<pos i="12" A="0.999667" C="0.000111062" G="0.000111062" T="0.000111062"/>
				<pos i="13" A="0.999667" C="0.000111062" G="0.000111062" T="0.000111062"/>
				<pos i="14" A="0.111173" C="0.000111062" G="0.111173" T="0.777543"/>
			</motif>
			<motif id="t_1_DME_AGMWYTKTGG" name="DME_AGMWYTKTGG" length="10" evalue="1.0e-003" nsites="100" >
				<pos i="1" A="1" C="0" G="0" T="0"/>
				<pos i="2" A="0" C="0" G="1" T="0"/>
				<pos i="3" A="0.2" C="0.8" G="0" T="0"/>
				<pos i="4" A="0.8" C="0" G="0" T="0.2"/>
				<pos i="5" A="0" C="0.9" G="0" T="0.1"/>
				<pos i="6" A="0" C="0" G="0" T="1"/>
				<pos i="7" A="0" C="0" G="0.1" T="0.9"/>
				<pos i="8" A="0" C="0" G="0" T="1"/>
				<pos i="9" A="0" C="0" G="1" T="0"/>
				<pos i="10" A="0" C="0" G="1" T="0"/>
			</motif>
			<motif id="t_1_DME_CACYYTGRGM" name="DME_CACYYTGRGM" length="10" evalue="1.0e-003" nsites="100" >
				<pos i="1" A="0" C="1" G="0" T="0"/>
				<pos i="2" A="1" C="0" G="0" T="0"/>
				<pos i="3" A="0" C="1" G="0" T="0"/>
				<pos i="4" A="0" C="0.222222" G="0" T="0.777778"/>
				<pos i="5" A="0" C="0.333333" G="0" T="0.666667"/>
				<pos i="6" A="0" C="0" G="0" T="1"/>
				<pos i="7" A="0" C="0" G="1" T="0"/>
				<pos i="8" A="0.333333" C="0" G="0.666667" T="0"/>
				<pos i="9" A="0" C="0" G="1" T="0"/>
				<pos i="10" A="0.666667" C="0.333333" G="0" T="0"/>
			</motif>
			<motif id="t_1_Homer_12_5" name="Homer_12_5" length="12" evalue="1.0e-003" nsites="100" >
				<pos i="1" A="0.001001" C="0.996997" G="0.001001" T="0.001001"/>
				<pos i="2" A="0.001001" C="0.481999" G="0.515999" T="0.001001"/>
				<pos i="3" A="0.00400098" C="0.525999" G="0.00400098" T="0.465999"/>
				<pos i="4" A="0.001001" C="0.0420008" G="0.575999" T="0.380999"/>
				<pos i="5" A="0.001001" C="0.472999" G="0.524999" T="0.001001"/>
				<pos i="6" A="0.001001" C="0.182" G="0.00400098" T="0.812998"/>
				<pos i="7" A="0.422999" C="0.001001" G="0.574999" T="0.001001"/>
				<pos i="8" A="0.00400098" C="0.990997" G="0.00400098" T="0.001001"/>
				<pos i="9" A="0.426999" C="0.001001" G="0.525999" T="0.0460008"/>
				<pos i="10" A="0.001001" C="0.956997" G="0.0410008" T="0.001001"/>
				<pos i="11" A="0.516999" C="0.0960006" G="0.001001" T="0.385999"/>
				<pos i="12" A="0.001001" C="0.380999" G="0.575999" T="0.0420008"/>
			</motif>
			<motif id="t_1_Improbizer_GAGGCCCGCGTTCTGCG" name="Improbizer_GAGGCCCGCGTTCTGCG" length="17" evalue="1.0e-003" nsites="100" >
				<pos i="1" A="0.373373" C="0.25025" G="0.373373" T="0.00300399"/>
				<pos i="2" A="0.496999" C="0.127" G="0.373" T="0.00300099"/>
				<pos i="3" A="0.25" C="0.00300099" G="0.496999" T="0.25"/>
				<pos i="4" A="0.126874" C="0.24975" G="0.496503" T="0.126874"/>
				<pos i="5" A="0.127" C="0.496999" G="0.373" T="0.00300099"/>
				<pos i="6" A="0.00300099" C="0.742998" G="0.127" T="0.127"/>
				<pos i="7" A="0.00300099" C="0.866998" G="0.127" T="0.00300099"/>
				<pos i="8" A="0.127" C="0.00300099" G="0.866998" T="0.00300099"/>
				<pos i="9" A="0.00300099" C="0.866998" G="0.00300099" T="0.127"/>
				<pos i="10" A="0.00300399" C="0.00300399" G="0.990988" T="0.00300399"/>
				<pos i="11" A="0.00300399" C="0.00300399" G="0.00300399" T="0.990988"/>
				<pos i="12" A="0.127" C="0.25" G="0.00300099" T="0.619999"/>
				<pos i="13" A="0.126874" C="0.619379" G="0.126874" T="0.126874"/>
				<pos i="14" A="0.126874" C="0.126874" G="0.24975" T="0.496503"/>
				<pos i="15" A="0.00300399" C="0.373373" G="0.620619" T="0.00300399"/>
				<pos i="16" A="0.127" C="0.619999" G="0.25" T="0.00300099"/>
				<pos i="17" A="0.126874" C="0.126874" G="0.496503" T="0.24975"/>
			</motif>
			<motif id="t_1_Improbizer_TCCAACATAAATATTT" name="Improbizer_TCCAACATAAATATTT" length="16" evalue="1.0e-003" nsites="100" >
				<pos i="1" A="0.126874" C="0.24975" G="0.126874" T="0.496503"/>
				<pos i="2" A="0.25025" C="0.373373" G="0.373373" T="0.00300399"/>
				<pos i="3" A="0.496999" C="0.496999" G="0.00300099" T="0.00300099"/>
				<pos i="4" A="0.496999" C="0.25" G="0.00300099" T="0.25"/>
				<pos i="5" A="0.619379" C="0.126874" G="0.126874" T="0.126874"/>
				<pos i="6" A="0.25025" C="0.743742" G="0.00300399" T="0.00300399"/>
				<pos i="7" A="0.866998" C="0.00300099" G="0.127" T="0.00300099"/>
				<pos i="8" A="0.127" C="0.00300099" G="0.00300099" T="0.866998"/>
				<pos i="9" A="0.990988" C="0.00300399" G="0.00300399" T="0.00300399"/>
				<pos i="10" A="0.742998" C="0.127" G="0.00300099" T="0.127"/>
				<pos i="11" A="0.866998" C="0.127" G="0.00300099" T="0.00300099"/>
				<pos i="12" A="0.00300399" C="0.00300399" G="0.00300399" T="0.990988"/>
				<pos i="13" A="0.990988" C="0.00300399" G="0.00300399" T="0.00300399"/>
				<pos i="14" A="0.126874" C="0.126874" G="0.24975" T="0.496503"/>
				<pos i="15" A="0.373" C="0.00300099" G="0.127" T="0.496999"/>
				<pos i="16" A="0.25" C="0.25" G="0.00300099" T="0.496999"/>
			</motif>
			<motif id="t_1_Improbizer_TGTTACAGTATCT" name="Improbizer_TGTTACAGTATCT" length="13" evalue="1.0e-003" nsites="100" >
				<pos i="1" A="0.24975" C="0.126874" G="0.126874" T="0.496503"/>
				<pos i="2" A="0.127" C="0.25" G="0.373" T="0.25"/>
				<pos i="3" A="0.00300099" C="0.25" G="0.127" T="0.619999"/>
				<pos i="4" A="0.25" C="0.00300099" G="0.25" T="0.496999"/>
				<pos i="5" A="0.496999" C="0.373" G="0.127" T="0.00300099"/>
				<pos i="6" A="0.00300399" C="0.990988" G="0.00300399" T="0.00300399"/>
				<pos i="7" A="0.866998" C="0.00300099" G="0.127" T="0.00300099"/>
				<pos i="8" A="0.00300099" C="0.127" G="0.866998" T="0.00300099"/>
				<pos i="9" A="0.00300399" C="0.00300399" G="0.00300399" T="0.990988"/>
				<pos i="10" A="0.990988" C="0.00300399" G="0.00300399" T="0.00300399"/>
				<pos i="11" A="0.00300099" C="0.127" G="0.00300099" T="0.866998"/>
				<pos i="12" A="0.00300099" C="0.866998" G="0.00300099" T="0.127"/>
				<pos i="13" A="0.25" C="0.25" G="0.00300099" T="0.496999"/>
			</motif>
		</target_file>
	</targets>
	<queries>
		<query_file source="LMP_selected.pwm" name="LMP_selected.pwm" last_mod_date="Thu Aug 11 23:10:01 2016">
			<query>
				<motif id="q_Improbizer_TCCAACATAAATATTT" name="Improbizer_TCCAACATAAATATTT" length="16" evalue="1.0e-003" nsites="100" >
					<pos i="1" A="0.126874" C="0.24975" G="0.126874" T="0.496503"/>
					<pos i="2" A="0.25025" C="0.373373" G="0.373373" T="0.00300399"/>
					<pos i="3" A="0.496999" C="0.496999" G="0.00300099" T="0.00300099"/>
					<pos i="4" A="0.496999" C="0.25" G="0.00300099" T="0.25"/>
					<pos i="5" A="0.619379" C="0.126874" G="0.126874" T="0.126874"/>
					<pos i="6" A="0.25025" C="0.743742" G="0.00300399" T="0.00300399"/>
					<pos i="7" A="0.866998" C="0.00300099" G="0.127" T="0.00300099"/>
					<pos i="8" A="0.127" C="0.00300099" G="0.00300099" T="0.866998"/>
					<pos i="9" A="0.990988" C="0.00300399" G="0.00300399" T="0.00300399"/>
					<pos i="10" A="0.742998" C="0.127" G="0.00300099" T="0.127"/>
					<pos i="11" A="0.866998" C="0.127" G="0.00300099" T="0.00300099"/>
					<pos i="12" A="0.00300399" C="0.00300399" G="0.00300399" T="0.990988"/>
					<pos i="13" A="0.990988" C="0.00300399" G="0.00300399" T="0.00300399"/>
					<pos i="14" A="0.126874" C="0.126874" G="0.24975" T="0.496503"/>
					<pos i="15" A="0.373" C="0.00300099" G="0.127" T="0.496999"/>
					<pos i="16" A="0.25" C="0.25" G="0.00300099" T="0.496999"/>
				</motif>
				<match target="t_1_Improbizer_TCCAACATAAATATTT" orientation="forward" offset="0" pvalue="8.56524e-23" evalue="5.99567e-22" qvalue="1.19913e-21"/>
				<match target="t_1_AAAAWTAYMMAAAT_14" orientation="forward" offset="0" pvalue="0.0217174" evalue="0.152022" qvalue="0.152022"/>
			</query>
			<query>
				<motif id="q_Improbizer_GAGGCCCGCGTTCTGCG" name="Improbizer_GAGGCCCGCGTTCTGCG" length="17" evalue="1.0e-003" nsites="100" >
					<pos i="1" A="0.373373" C="0.25025" G="0.373373" T="0.00300399"/>
					<pos i="2" A="0.496999" C="0.127" G="0.373" T="0.00300099"/>
					<pos i="3" A="0.25" C="0.00300099" G="0.496999" T="0.25"/>
					<pos i="4" A="0.126874" C="0.24975" G="0.496503" T="0.126874"/>
					<pos i="5" A="0.127" C="0.496999" G="0.373" T="0.00300099"/>
					<pos i="6" A="0.00300099" C="0.742998" G="0.127" T="0.127"/>
					<pos i="7" A="0.00300099" C="0.866998" G="0.127" T="0.00300099"/>
					<pos i="8" A="0.127" C="0.00300099" G="0.866998" T="0.00300099"/>
					<pos i="9" A="0.00300099" C="0.866998" G="0.00300099" T="0.127"/>
					<pos i="10" A="0.00300399" C="0.00300399" G="0.990988" T="0.00300399"/>
					<pos i="11" A="0.00300399" C="0.00300399" G="0.00300399" T="0.990988"/>
					<pos i="12" A="0.127" C="0.25" G="0.00300099" T="0.619999"/>
					<pos i="13" A="0.126874" C="0.619379" G="0.126874" T="0.126874"/>
					<pos i="14" A="0.126874" C="0.126874" G="0.24975" T="0.496503"/>
					<pos i="15" A="0.00300399" C="0.373373" G="0.620619" T="0.00300399"/>
					<pos i="16" A="0.127" C="0.619999" G="0.25" T="0.00300099"/>
					<pos i="17" A="0.126874" C="0.126874" G="0.496503" T="0.24975"/>
				</motif>
				<match target="t_1_Improbizer_GAGGCCCGCGTTCTGCG" orientation="forward" offset="0" pvalue="5.41511e-27" evalue="3.79057e-26" qvalue="7.58115e-26"/>
			</query>
			<query>
				<motif id="q_Homer_12_5" name="Homer_12_5" length="12" evalue="1.0e-003" nsites="100" >
					<pos i="1" A="0.001001" C="0.996997" G="0.001001" T="0.001001"/>
					<pos i="2" A="0.001001" C="0.481999" G="0.515999" T="0.001001"/>
					<pos i="3" A="0.00400098" C="0.525999" G="0.00400098" T="0.465999"/>
					<pos i="4" A="0.001001" C="0.0420008" G="0.575999" T="0.380999"/>
					<pos i="5" A="0.001001" C="0.472999" G="0.524999" T="0.001001"/>
					<pos i="6" A="0.001001" C="0.182" G="0.00400098" T="0.812998"/>
					<pos i="7" A="0.422999" C="0.001001" G="0.574999" T="0.001001"/>
					<pos i="8" A="0.00400098" C="0.990997" G="0.00400098" T="0.001001"/>
					<pos i="9" A="0.426999" C="0.001001" G="0.525999" T="0.0460008"/>
					<pos i="10" A="0.001001" C="0.956997" G="0.0410008" T="0.001001"/>
					<pos i="11" A="0.516999" C="0.0960006" G="0.001001" T="0.385999"/>
					<pos i="12" A="0.001001" C="0.380999" G="0.575999" T="0.0420008"/>
				</motif>
				<match target="t_1_Homer_12_5" orientation="forward" offset="0" pvalue="7.63047e-20" evalue="5.34133e-19" qvalue="1.06827e-18"/>
				<match target="t_1_Improbizer_GAGGCCCGCGTTCTGCG" orientation="forward" offset="8" pvalue="0.0624735" evalue="0.437315" qvalue="0.291543"/>
			</query>
			<query>
				<motif id="q_Improbizer_TGTTACAGTATCT" name="Improbizer_TGTTACAGTATCT" length="13" evalue="1.0e-003" nsites="100" >
					<pos i="1" A="0.24975" C="0.126874" G="0.126874" T="0.496503"/>
					<pos i="2" A="0.127" C="0.25" G="0.373" T="0.25"/>
					<pos i="3" A="0.00300099" C="0.25" G="0.127" T="0.619999"/>
					<pos i="4" A="0.25" C="0.00300099" G="0.25" T="0.496999"/>
					<pos i="5" A="0.496999" C="0.373" G="0.127" T="0.00300099"/>
					<pos i="6" A="0.00300399" C="0.990988" G="0.00300399" T="0.00300399"/>
					<pos i="7" A="0.866998" C="0.00300099" G="0.127" T="0.00300099"/>
					<pos i="8" A="0.00300099" C="0.127" G="0.866998" T="0.00300099"/>
					<pos i="9" A="0.00300399" C="0.00300399" G="0.00300399" T="0.990988"/>
					<pos i="10" A="0.990988" C="0.00300399" G="0.00300399" T="0.00300399"/>
					<pos i="11" A="0.00300099" C="0.127" G="0.00300099" T="0.866998"/>
					<pos i="12" A="0.00300099" C="0.866998" G="0.00300099" T="0.127"/>
					<pos i="13" A="0.25" C="0.25" G="0.00300099" T="0.496999"/>
				</motif>
				<match target="t_1_Improbizer_TGTTACAGTATCT" orientation="forward" offset="0" pvalue="1.84542e-19" evalue="1.29179e-18" qvalue="2.58359e-18"/>
			</query>
			<query>
				<motif id="q_DME_AGMWYTKTGG" name="DME_AGMWYTKTGG" length="10" evalue="1.0e-003" nsites="100" >
					<pos i="1" A="1" C="0" G="0" T="0"/>
					<pos i="2" A="0" C="0" G="1" T="0"/>
					<pos i="3" A="0.2" C="0.8" G="0" T="0"/>
					<pos i="4" A="0.8" C="0" G="0" T="0.2"/>
					<pos i="5" A="0" C="0.9" G="0" T="0.1"/>
					<pos i="6" A="0" C="0" G="0" T="1"/>
					<pos i="7" A="0" C="0" G="0.1" T="0.9"/>
					<pos i="8" A="0" C="0" G="0" T="1"/>
					<pos i="9" A="0" C="0" G="1" T="0"/>
					<pos i="10" A="0" C="0" G="1" T="0"/>
				</motif>
				<match target="t_1_DME_AGMWYTKTGG" orientation="forward" offset="0" pvalue="1.79524e-11" evalue="1.25667e-10" qvalue="2.51334e-10"/>
				<match target="t_1_DME_CACYYTGRGM" orientation="forward" offset="-2" pvalue="0.000417264" evalue="0.00292085" qvalue="0.00292085"/>
			</query>
			<query>
				<motif id="q_DME_CACYYTGRGM" name="DME_CACYYTGRGM" length="10" evalue="1.0e-003" nsites="100" >
					<pos i="1" A="0" C="1" G="0" T="0"/>
					<pos i="2" A="1" C="0" G="0" T="0"/>
					<pos i="3" A="0" C="1" G="0" T="0"/>
					<pos i="4" A="0" C="0.222222" G="0" T="0.777778"/>
					<pos i="5" A="0" C="0.333333" G="0" T="0.666667"/>
					<pos i="6" A="0" C="0" G="0" T="1"/>
					<pos i="7" A="0" C="0" G="1" T="0"/>
					<pos i="8" A="0.333333" C="0" G="0.666667" T="0"/>
					<pos i="9" A="0" C="0" G="1" T="0"/>
					<pos i="10" A="0.666667" C="0.333333" G="0" T="0"/>
				</motif>
				<match target="t_1_DME_CACYYTGRGM" orientation="forward" offset="0" pvalue="1.1091e-13" evalue="7.7637e-13" qvalue="1.55274e-12"/>
				<match target="t_1_DME_AGMWYTKTGG" orientation="forward" offset="2" pvalue="0.000182008" evalue="0.00127405" qvalue="0.00127405"/>
				<match target="t_1_AAAAWTAYMMAAAT_14" orientation="reverse" offset="-1" pvalue="0.097972" evalue="0.685804" qvalue="0.457203"/>
			</query>
			<query>
				<motif id="q_AAAAWTAYMMAAAT_14" name="AAAAWTAYMMAAAT_14" length="14" evalue="1.0e-003" nsites="100" >
					<pos i="1" A="0.999667" C="0.000111062" G="0.000111062" T="0.000111062"/>
					<pos i="2" A="0.888605" C="0.000111062" G="0.000111062" T="0.111173"/>
					<pos i="3" A="0.777543" C="0.000111062" G="0.000111062" T="0.222235"/>
					<pos i="4" A="0.888605" C="0.000111062" G="0.000111062" T="0.111173"/>
					<pos i="5" A="0.55542" C="0.000111062" G="0.000111062" T="0.444358"/>
					<pos i="6" A="0.000111062" C="0.222235" G="0.000111062" T="0.777543"/>
					<pos i="7" A="0.999667" C="0.000111062" G="0.000111062" T="0.000111062"/>
					<pos i="8" A="0.000111062" C="0.666482" G="0.000111062" T="0.333296"/>
					<pos i="9" A="0.666482" C="0.333296" G="0.000111062" T="0.000111062"/>
					<pos i="10" A="0.55542" C="0.333296" G="0.000111062" T="0.111173"/>
					<pos i="11" A="0.999667" C="0.000111062" G="0.000111062" T="0.000111062"/>
					<pos i="12" A="0.999667" C="0.000111062" G="0.000111062" T="0.000111062"/>
					<pos i="13" A="0.999667" C="0.000111062" G="0.000111062" T="0.000111062"/>
					<pos i="14" A="0.111173" C="0.000111062" G="0.111173" T="0.777543"/>
				</motif>
				<match target="t_1_AAAAWTAYMMAAAT_14" orientation="forward" offset="0" pvalue="3.03944e-19" evalue="2.12761e-18" qvalue="4.25521e-18"/>
				<match target="t_1_Improbizer_TCCAACATAAATATTT" orientation="forward" offset="0" pvalue="0.0289724" evalue="0.202807" qvalue="0.202807"/>
				<match target="t_1_DME_CACYYTGRGM" orientation="reverse" offset="-5" pvalue="0.0645433" evalue="0.451803" qvalue="0.301202"/>
			</query>
		</query_file>
	</queries>
	<runtime cycles="501804" seconds="0.502"/>
</tomtom>
