<?xml version='1.0' encoding='UTF-8' standalone='yes'?>
<!DOCTYPE tomtom[
<!ELEMENT tomtom (model, targets, queries, runtime)>
<!ATTLIST tomtom version CDATA #REQUIRED release CDATA #REQUIRED>
<!ELEMENT model (command_line, distance_measure, threshold, background, host, when)>
<!ELEMENT command_line (#PCDATA)>
<!ELEMENT distance_measure EMPTY>
<!ATTLIST distance_measure value (allr|blic1|blic5|ed|kullback|llr1|llr5|pearson|sandelin) #REQUIRED>
<!ELEMENT threshold (#PCDATA)>
<!ATTLIST threshold type (evalue|qvalue) #REQUIRED>
<!ELEMENT background EMPTY>
<!ATTLIST background from (first_target|file) #REQUIRED A CDATA #REQUIRED C CDATA #REQUIRED G CDATA #REQUIRED T CDATA #REQUIRED file CDATA #IMPLIED>
<!ELEMENT host (#PCDATA)>
<!ELEMENT when (#PCDATA)>
<!-- each target is listed in order that the target was specified to the command line
     the motifs are not listed in any particular order -->
<!ELEMENT targets (target_file*)>
<!ELEMENT target_file (motif*)>
<!ATTLIST target_file index CDATA #REQUIRED source CDATA #REQUIRED name CDATA #REQUIRED 
  loaded CDATA #REQUIRED excluded CDATA #REQUIRED last_mod_date CDATA #REQUIRED>
<!-- currently there can only be one query file (but users should not assume this will always be true)
     the query motifs are specified in the order that they appear in the file
     the matches are ordered from best to worst -->
<!ELEMENT queries (query_file*)>
<!ELEMENT query_file (query*)>
<!ATTLIST query_file source CDATA #REQUIRED name CDATA #REQUIRED last_mod_date CDATA #REQUIRED>
<!ELEMENT query (motif,match*)>
<!ELEMENT match EMPTY>
<!ATTLIST match target IDREF #REQUIRED orientation (forward|reverse) "forward" 
  offset CDATA #REQUIRED pvalue CDATA #REQUIRED evalue CDATA #REQUIRED qvalue CDATA #REQUIRED>
<!-- motif contains the probability of each of the nucleotide bases at each position;
     i starts at 1; A, C, G and T are probabilities that sum to 1 -->
<!ELEMENT motif (pos*)>
<!ATTLIST motif id ID #REQUIRED name CDATA #REQUIRED alt CDATA #IMPLIED length CDATA #REQUIRED 
  nsites CDATA #IMPLIED evalue CDATA #IMPLIED url CDATA #IMPLIED>
<!ELEMENT pos EMPTY>
<!ATTLIST pos i CDATA #REQUIRED A CDATA #REQUIRED C CDATA #REQUIRED G CDATA #REQUIRED T CDATA #REQUIRED>
<!ELEMENT runtime EMPTY>
<!ATTLIST runtime cycles CDATA #REQUIRED seconds CDATA #REQUIRED>
]>
<tomtom version="4.10.0" release="Wed May 21 10:35:36 2014 +1000">
	<model>
		<command_line>tomtom -oc PSO2vsPSO3 -dist ed -thresh 0.5 -evalue PSO2vsPSO3_selected_motifs.pwm /home/database/motif/motif_databases/HUMAN/HOCOMOCOv10_HUMAN_mono_meme_format.meme</command_line>
		<distance_measure value="ed"/>
		<threshold type="evalue">0.5</threshold>
		<background from="first_target" A="0.25" C="0.25" G="0.25" T="0.25"/>
		<host>liyc-OU</host>
		<when>Thu Aug 11 11:22:02 2016</when>
	</model>
	<targets>
		<target_file index="1" source="/home/database/motif/motif_databases/HUMAN/HOCOMOCOv10_HUMAN_mono_meme_format.meme" name="HOCOMOCOv10_HUMAN_mono_meme_format.meme" loaded="641" excluded="0" last_mod_date="Mon Mar 14 19:54:25 2016">
			<motif id="t_1_ARI3A_HUMAN.H10MO.S" name="ARI3A_HUMAN.H10MO.S" length="7" evalue="1.0e+000" nsites="47" url="http://hocomoco.autosome.ru/motif/ARI3A_HUMAN.H10MO.S">
				<pos i="1" A="0.604917" C="0.0532474" G="0.24599" T="0.0958454"/>
				<pos i="2" A="1" C="0" G="0" T="0"/>
				<pos i="3" A="0" C="0" G="0" T="1"/>
				<pos i="4" A="0" C="0" G="0" T="1"/>
				<pos i="5" A="1" C="0" G="0" T="0"/>
				<pos i="6" A="1" C="0" G="0" T="0"/>
				<pos i="7" A="0.829608" C="0" G="0" T="0.170392"/>
			</motif>
			<motif id="t_1_ATF2_HUMAN.H10MO.B" name="ATF2_HUMAN.H10MO.B" length="9" evalue="1.0e+000" nsites="90" url="http://hocomoco.autosome.ru/motif/ATF2_HUMAN.H10MO.B">
				<pos i="1" A="0.291379" C="0.241724" G="0.368621" T="0.0982759"/>
				<pos i="2" A="0" C="0" G="0" T="1"/>
				<pos i="3" A="0" C="0.0234483" G="0.951724" T="0.0248276"/>
				<pos i="4" A="1" C="0" G="0" T="0"/>
				<pos i="5" A="0.0110345" C="0.771034" G="0.0786207" T="0.13931"/>
				<pos i="6" A="0" C="0.0317241" G="0.924138" T="0.0441379"/>
				<pos i="7" A="0.0537931" C="0.0937931" G="0.0248276" T="0.827586"/>
				<pos i="8" A="0.314483" C="0.517931" G="0.08" T="0.0875862"/>
				<pos i="9" A="0.785862" C="0.0893103" G="0.0658621" T="0.0589655"/>
			</motif>
			<motif id="t_1_ATF7_HUMAN.H10MO.D" name="ATF7_HUMAN.H10MO.D" length="11" evalue="1.0e+000" nsites="12644" url="http://hocomoco.autosome.ru/motif/ATF7_HUMAN.H10MO.D">
				<pos i="1" A="0.217356" C="0.0873339" G="0.44703" T="0.24828"/>
				<pos i="2" A="0.570883" C="0.00429057" G="0.418479" T="0.00634688"/>
				<pos i="3" A="0.000514078" C="0.000593167" G="0.00438943" T="0.994503"/>
				<pos i="4" A="0.000395444" C="0.000316356" G="0.986001" T="0.0132869"/>
				<pos i="5" A="0.995334" C="7.90889e-05" G="0.00450807" T="7.90889e-05"/>
				<pos i="6" A="7.90889e-05" C="0.992012" G="0.00553622" T="0.00237267"/>
				<pos i="7" A="0.000553622" C="0" G="0.999446" T="0"/>
				<pos i="8" A="7.90889e-05" C="0" G="0.00332173" T="0.996599"/>
				<pos i="9" A="0.185661" C="0.812283" G="0.00138406" T="0.000672256"/>
				<pos i="10" A="0.997548" C="0.000316356" G="0.00158178" T="0.000553622"/>
				<pos i="11" A="0.00506169" C="0.0470579" G="0.0273648" T="0.920516"/>
			</motif>
			<motif id="t_1_CREB1_HUMAN.H10MO.A" name="CREB1_HUMAN.H10MO.A" length="11" evalue="1.0e+000" nsites="494" url="http://hocomoco.autosome.ru/motif/CREB1_HUMAN.H10MO.A">
				<pos i="1" A="0.106202" C="0.150155" G="0.0628092" T="0.680834"/>
				<pos i="2" A="0.088645" C="0.0908405" G="0.513803" T="0.306712"/>
				<pos i="3" A="0.652324" C="0.00880298" G="0.242419" T="0.0964536"/>
				<pos i="4" A="0.0376896" C="0.787535" G="0.0326707" T="0.142104"/>
				<pos i="5" A="0.0676223" C="0.0476979" G="0.874409" T="0.0102709"/>
				<pos i="6" A="0.00370929" C="0.0184534" G="0.00157166" T="0.976266"/>
				<pos i="7" A="0.00219319" C="0.988239" G="0" T="0.00956782"/>
				<pos i="8" A="0.944531" C="0.016223" G="0.0108884" T="0.0283573"/>
				<pos i="9" A="0.0212848" C="0.476074" G="0.0729818" T="0.42966"/>
				<pos i="10" A="0.209738" C="0.439763" G="0.115438" T="0.235061"/>
				<pos i="11" A="0.306572" C="0.217084" G="0.295373" T="0.180971"/>
			</motif>
			<motif id="t_1_CREB5_HUMAN.H10MO.D" name="CREB5_HUMAN.H10MO.D" length="11" evalue="1.0e+000" nsites="1702" url="http://hocomoco.autosome.ru/motif/CREB5_HUMAN.H10MO.D">
				<pos i="1" A="0.267333" C="0.111633" G="0.438895" T="0.182139"/>
				<pos i="2" A="0.563895" C="0.0168919" G="0.405846" T="0.0133666"/>
				<pos i="3" A="0.000293772" C="0.000881316" G="0.000293772" T="0.998531"/>
				<pos i="4" A="0" C="0" G="0.967098" T="0.0329025"/>
				<pos i="5" A="0.999412" C="0" G="0" T="0.000587544"/>
				<pos i="6" A="0.000587544" C="0.96886" G="0.000587544" T="0.0299647"/>
				<pos i="7" A="0.000587544" C="0" G="0.999412" T="0"/>
				<pos i="8" A="0.000293772" C="0.00616921" G="0.000293772" T="0.993243"/>
				<pos i="9" A="0.381022" C="0.615452" G="0.000881316" T="0.00264395"/>
				<pos i="10" A="0.988249" C="0.000587544" G="0.00705053" T="0.00411281"/>
				<pos i="11" A="0.02453" C="0.0909224" G="0.0738837" T="0.810664"/>
			</motif>
			<motif id="t_1_CREM_HUMAN.H10MO.C" name="CREM_HUMAN.H10MO.C" length="11" evalue="1.0e+000" nsites="30" url="http://hocomoco.autosome.ru/motif/CREM_HUMAN.H10MO.C">
				<pos i="1" A="0.0420082" C="0.570697" G="0.259221" T="0.128074"/>
				<pos i="2" A="0.463115" C="0.209016" G="0.327869" T="0"/>
				<pos i="3" A="0.258197" C="0.405738" G="0.262295" T="0.0737705"/>
				<pos i="4" A="0" C="0" G="0" T="1"/>
				<pos i="5" A="0.0327869" C="0" G="0.967213" T="0"/>
				<pos i="6" A="0.963115" C="0.0368852" G="0" T="0"/>
				<pos i="7" A="0.0327869" C="0.901639" G="0.0655738" T="0"/>
				<pos i="8" A="0.217213" C="0" G="0.782787" T="0"/>
				<pos i="9" A="0.106557" C="0.0327869" G="0" T="0.860656"/>
				<pos i="10" A="0.0286885" C="0.704918" G="0.22541" T="0.0409836"/>
				<pos i="11" A="0.840164" C="0.102459" G="0.0327869" T="0.0245902"/>
			</motif>
			<motif id="t_1_DLX6_HUMAN.H10MO.D" name="DLX6_HUMAN.H10MO.D" length="15" evalue="1.0e+000" nsites="1138" url="http://hocomoco.autosome.ru/motif/DLX6_HUMAN.H10MO.D">
				<pos i="1" A="0.0311951" C="0.293058" G="0.0162566" T="0.65949"/>
				<pos i="2" A="0.929921" C="0.0344903" G="0.0160369" T="0.0195518"/>
				<pos i="3" A="0.985721" C="0.00593146" G="0.00505272" T="0.00329525"/>
				<pos i="4" A="0.00175747" C="0.00175747" G="0.00878735" T="0.987698"/>
				<pos i="5" A="0.00790861" C="0.0272408" G="0.00790861" T="0.956942"/>
				<pos i="6" A="0.760105" C="0.0026362" G="0.228471" T="0.00878735"/>
				<pos i="7" A="0.253076" C="0.311072" G="0.20826" T="0.227592"/>
				<pos i="8" A="0.207381" C="0.359402" G="0.217047" T="0.216169"/>
				<pos i="9" A="0.188049" C="0.303163" G="0.198594" T="0.310193"/>
				<pos i="10" A="0.29877" C="0.256591" G="0.118629" T="0.326011"/>
				<pos i="11" A="0.413884" C="0.18717" G="0.105448" T="0.293497"/>
				<pos i="12" A="0.440466" C="0.128515" G="0.0836995" T="0.34732"/>
				<pos i="13" A="0.398726" C="0.0955624" G="0.0674429" T="0.438269"/>
				<pos i="14" A="0.377417" C="0.0672232" G="0.0733743" T="0.481986"/>
				<pos i="15" A="0.368849" C="0.103471" G="0.128076" T="0.399605"/>
			</motif>
			<motif id="t_1_ERR3_HUMAN.H10MO.B" name="ERR3_HUMAN.H10MO.B" length="9" evalue="1.0e+000" nsites="14" url="http://hocomoco.autosome.ru/motif/ERR3_HUMAN.H10MO.B">
				<pos i="1" A="0.0697674" C="0" G="0.147287" T="0.782946"/>
				<pos i="2" A="0.0697674" C="0.713178" G="0.0697674" T="0.147287"/>
				<pos i="3" A="0.790698" C="0" G="0.209302" T="0"/>
				<pos i="4" A="1" C="0" G="0" T="0"/>
				<pos i="5" A="0" C="0.0697674" G="0.860465" T="0.0697674"/>
				<pos i="6" A="0" C="0.0697674" G="0.930233" T="0"/>
				<pos i="7" A="0.0697674" C="0" G="0" T="0.930233"/>
				<pos i="8" A="0.0697674" C="0.790698" G="0" T="0.139535"/>
				<pos i="9" A="0.825581" C="0.0348837" G="0.104651" T="0.0348837"/>
			</motif>
			<motif id="t_1_ESR2_HUMAN.H10MO.S" name="ESR2_HUMAN.H10MO.S" length="7" evalue="1.0e+000" nsites="371" url="http://hocomoco.autosome.ru/motif/ESR2_HUMAN.H10MO.S">
				<pos i="1" A="0.563605" C="0.0173002" G="0.392233" T="0.0268619"/>
				<pos i="2" A="0.0322255" C="0" G="0.90719" T="0.0605849"/>
				<pos i="3" A="0.00367181" C="0.0292492" G="0.9434" T="0.0236788"/>
				<pos i="4" A="0.00917953" C="0.0738249" G="0.0799591" T="0.837036"/>
				<pos i="5" A="0" C="0.998164" G="0" T="0.00183591"/>
				<pos i="6" A="0.967142" C="0.0218429" G="0" T="0.0110154"/>
				<pos i="7" A="0.130801" C="0.456283" G="0.305732" T="0.107184"/>
			</motif>
			<motif id="t_1_GLI2_HUMAN.H10MO.B" name="GLI2_HUMAN.H10MO.B" length="11" evalue="1.0e+000" nsites="931" url="http://hocomoco.autosome.ru/motif/GLI2_HUMAN.H10MO.B">
				<pos i="1" A="0.113089" C="0.174996" G="0.617241" T="0.0946735"/>
				<pos i="2" A="0" C="0" G="0" T="1"/>
				<pos i="3" A="0" C="0" G="1" T="0"/>
				<pos i="4" A="0" C="0" G="0.844829" T="0.155171"/>
				<pos i="5" A="0" C="0" G="1" T="0"/>
				<pos i="6" A="0" C="0" G="0" T="1"/>
				<pos i="7" A="0" C="0" G="1" T="0"/>
				<pos i="8" A="0" C="0" G="1" T="0"/>
				<pos i="9" A="0" C="0" G="0" T="1"/>
				<pos i="10" A="0" C="1" G="0" T="0"/>
				<pos i="11" A="0.0798749" C="0.369381" G="0.0932898" T="0.457454"/>
			</motif>
			<motif id="t_1_JDP2_HUMAN.H10MO.D" name="JDP2_HUMAN.H10MO.D" length="12" evalue="1.0e+000" nsites="3035" url="http://hocomoco.autosome.ru/motif/JDP2_HUMAN.H10MO.D">
				<pos i="1" A="0.132076" C="0.253802" G="0.22625" T="0.387872"/>
				<pos i="2" A="0.14715" C="0.11781" G="0.649993" T="0.0850467"/>
				<pos i="3" A="0.84143" C="0.023321" G="0.120649" T="0.0146006"/>
				<pos i="4" A="0.00183072" C="0.000543012" G="0.000795279" T="0.996831"/>
				<pos i="5" A="0.00162941" C="0.000593969" G="0.98774" T="0.0100361"/>
				<pos i="6" A="0.998686" C="0.000530902" G="0.000530902" T="0.000252268"/>
				<pos i="7" A="0.00108388" C="0.969032" G="0.00214997" T="0.0277337"/>
				<pos i="8" A="0.00823361" C="0.000481018" G="0.990048" T="0.00123782"/>
				<pos i="9" A="0.00393473" C="0.0059265" G="0.00493951" T="0.985199"/>
				<pos i="10" A="0.15738" C="0.809067" G="0.0187079" T="0.0148448"/>
				<pos i="11" A="0.949376" C="0.0158567" G="0.0176489" T="0.017118"/>
				<pos i="12" A="0.0448451" C="0.380984" G="0.11853" T="0.455641"/>
			</motif>
			<motif id="t_1_LHX2_HUMAN.H10MO.D" name="LHX2_HUMAN.H10MO.D" length="13" evalue="1.0e+000" nsites="7" url="http://hocomoco.autosome.ru/motif/LHX2_HUMAN.H10MO.D">
				<pos i="1" A="0.184426" C="0.463115" G="0.0368852" T="0.315574"/>
				<pos i="2" A="0.459016" C="0.114754" G="0.295082" T="0.131148"/>
				<pos i="3" A="0.147541" C="0.42623" G="0.278689" T="0.147541"/>
				<pos i="4" A="0.311475" C="0" G="0.278689" T="0.409836"/>
				<pos i="5" A="0.147541" C="0" G="0" T="0.852459"/>
				<pos i="6" A="0.147541" C="0" G="0.278689" T="0.57377"/>
				<pos i="7" A="0" C="0.442623" G="0" T="0.557377"/>
				<pos i="8" A="1" C="0" G="0" T="0"/>
				<pos i="9" A="1" C="0" G="0" T="0"/>
				<pos i="10" A="0" C="0" G="0" T="1"/>
				<pos i="11" A="0.295082" C="0" G="0.114754" T="0.590164"/>
				<pos i="12" A="0.704918" C="0" G="0.295082" T="0"/>
				<pos i="13" A="0.0737705" C="0.204918" G="0.647541" T="0.0737705"/>
			</motif>
			<motif id="t_1_NR2C1_HUMAN.H10MO.C" name="NR2C1_HUMAN.H10MO.C" length="13" evalue="1.0e+000" nsites="18" url="http://hocomoco.autosome.ru/motif/NR2C1_HUMAN.H10MO.C">
				<pos i="1" A="0.218935" C="0.112426" G="0.615385" T="0.0532544"/>
				<pos i="2" A="0.0532544" C="0.331361" G="0.443787" T="0.171598"/>
				<pos i="3" A="0.106509" C="0.556213" G="0.0532544" T="0.284024"/>
				<pos i="4" A="0.266272" C="0.449704" G="0.224852" T="0.0591716"/>
				<pos i="5" A="0.674556" C="0" G="0.325444" T="0"/>
				<pos i="6" A="0.230769" C="0.159763" G="0.550296" T="0.0591716"/>
				<pos i="7" A="0.946746" C="0" G="0.0532544" T="0"/>
				<pos i="8" A="0" C="0" G="1" T="0"/>
				<pos i="9" A="0" C="0" G="0.775148" T="0.224852"/>
				<pos i="10" A="0" C="0" G="0" T="1"/>
				<pos i="11" A="0" C="1" G="0" T="0"/>
				<pos i="12" A="0.940828" C="0" G="0" T="0.0591716"/>
				<pos i="13" A="0.0931953" C="0.264793" G="0.377219" T="0.264793"/>
			</motif>
			<motif id="t_1_OTX2_HUMAN.H10MO.C" name="OTX2_HUMAN.H10MO.C" length="15" evalue="1.0e+000" nsites="25" url="http://hocomoco.autosome.ru/motif/OTX2_HUMAN.H10MO.C">
				<pos i="1" A="0.14485" C="0.101931" G="0.440987" T="0.312232"/>
				<pos i="2" A="0.309013" C="0.201717" G="0.120172" T="0.369099"/>
				<pos i="3" A="0.236052" C="0.0815451" G="0.317597" T="0.364807"/>
				<pos i="4" A="0.55794" C="0.283262" G="0.158798" T="0"/>
				<pos i="5" A="0.433476" C="0.158798" G="0.120172" T="0.287554"/>
				<pos i="6" A="0.27897" C="0.240343" G="0.399142" T="0.0815451"/>
				<pos i="7" A="0.0772532" C="0.158798" G="0.72103" T="0.0429185"/>
				<pos i="8" A="0.120172" C="0" G="0.879828" T="0"/>
				<pos i="9" A="0.957082" C="0.0429185" G="0" T="0"/>
				<pos i="10" A="0" C="0" G="0" T="1"/>
				<pos i="11" A="0.0386266" C="0" G="0" T="0.961373"/>
				<pos i="12" A="1" C="0" G="0" T="0"/>
				<pos i="13" A="0.48927" C="0.0858369" G="0.347639" T="0.0772532"/>
				<pos i="14" A="0.472103" C="0.158798" G="0.240343" T="0.128755"/>
				<pos i="15" A="0.167382" C="0.158798" G="0.343348" T="0.330472"/>
			</motif>
			<motif id="t_1_PITX1_HUMAN.H10MO.D" name="PITX1_HUMAN.H10MO.D" length="11" evalue="1.0e+000" nsites="3182" url="http://hocomoco.autosome.ru/motif/PITX1_HUMAN.H10MO.D">
				<pos i="1" A="0.227365" C="0.125481" G="0.415494" T="0.231661"/>
				<pos i="2" A="0.0733561" C="0.0180761" G="0.889684" T="0.0188837"/>
				<pos i="3" A="0.0161578" C="0.00584876" G="0.966964" T="0.0110292"/>
				<pos i="4" A="0.940432" C="0.0467508" G="0.00558117" T="0.0072358"/>
				<pos i="5" A="0.000735393" C="0.000991437" G="0.00902213" T="0.989251"/>
				<pos i="6" A="0.00135913" C="0.00326981" G="0.00260661" T="0.992764"/>
				<pos i="7" A="0.989344" C="0.00154298" G="0.00242277" T="0.00669073"/>
				<pos i="8" A="0.682049" C="0.0364804" G="0.181917" T="0.0995542"/>
				<pos i="9" A="0.233649" C="0.24679" G="0.346463" T="0.173098"/>
				<pos i="10" A="0.214364" C="0.123493" G="0.453686" T="0.208457"/>
				<pos i="11" A="0.180508" C="0.15873" G="0.481815" T="0.178947"/>
			</motif>
			<motif id="t_1_PITX2_HUMAN.H10MO.D" name="PITX2_HUMAN.H10MO.D" length="10" evalue="1.0e+000" nsites="17" url="http://hocomoco.autosome.ru/motif/PITX2_HUMAN.H10MO.D">
				<pos i="1" A="0.0559006" C="0.236025" G="0.173913" T="0.534161"/>
				<pos i="2" A="0.111801" C="0.0559006" G="0.47205" T="0.360248"/>
				<pos i="3" A="0.118012" C="0" G="0.826087" T="0.0559006"/>
				<pos i="4" A="0" C="0" G="1" T="0"/>
				<pos i="5" A="0.826087" C="0.173913" G="0" T="0"/>
				<pos i="6" A="0" C="0" G="0" T="1"/>
				<pos i="7" A="0" C="0" G="0.0559006" T="0.944099"/>
				<pos i="8" A="0.701863" C="0.0559006" G="0" T="0.242236"/>
				<pos i="9" A="0.409938" C="0.304348" G="0.223602" T="0.0621118"/>
				<pos i="10" A="0.361801" C="0.194099" G="0.125776" T="0.318323"/>
			</motif>
			<motif id="t_1_PPARA_HUMAN.H10MO.S" name="PPARA_HUMAN.H10MO.S" length="7" evalue="1.0e+000" nsites="114" url="http://hocomoco.autosome.ru/motif/PPARA_HUMAN.H10MO.S">
				<pos i="1" A="0.4857" C="0.0961538" G="0.267751" T="0.150394"/>
				<pos i="2" A="0.802761" C="0.00887574" G="0.179487" T="0.00887574"/>
				<pos i="3" A="0" C="0" G="1" T="0"/>
				<pos i="4" A="0" C="0.0147929" G="0.920118" T="0.0650888"/>
				<pos i="5" A="0.025641" C="0.0325444" G="0.0335306" T="0.908284"/>
				<pos i="6" A="0.00986193" C="0.981262" G="0" T="0.00887574"/>
				<pos i="7" A="0.877959" C="0.00221893" G="0.0574458" T="0.0623767"/>
			</motif>
			<motif id="t_1_RARA_HUMAN.H10MO.S" name="RARA_HUMAN.H10MO.S" length="7" evalue="1.0e+000" nsites="58" url="http://hocomoco.autosome.ru/motif/RARA_HUMAN.H10MO.S">
				<pos i="1" A="0.191308" C="0.337257" G="0.390103" T="0.0813321"/>
				<pos i="2" A="1" C="0" G="0" T="0"/>
				<pos i="3" A="0" C="0" G="1" T="0"/>
				<pos i="4" A="0" C="0" G="1" T="0"/>
				<pos i="5" A="0" C="0" G="0" T="1"/>
				<pos i="6" A="0" C="1" G="0" T="0"/>
				<pos i="7" A="1" C="0" G="0" T="0"/>
			</motif>
			<motif id="t_1_RARB_HUMAN.H10MO.D" name="RARB_HUMAN.H10MO.D" length="11" evalue="1.0e+000" nsites="21" url="http://hocomoco.autosome.ru/motif/RARB_HUMAN.H10MO.D">
				<pos i="1" A="0.179837" C="0.316076" G="0.46594" T="0.0381471"/>
				<pos i="2" A="0.820163" C="0" G="0.179837" T="0"/>
				<pos i="3" A="0" C="0" G="1" T="0"/>
				<pos i="4" A="0" C="0" G="0.950954" T="0.0490463"/>
				<pos i="5" A="0" C="0" G="0" T="1"/>
				<pos i="6" A="0" C="1" G="0" T="0"/>
				<pos i="7" A="1" C="0" G="0" T="0"/>
				<pos i="8" A="0.223433" C="0.201635" G="0.395095" T="0.179837"/>
				<pos i="9" A="0.316076" C="0.201635" G="0.378747" T="0.103542"/>
				<pos i="10" A="0.326975" C="0.250681" G="0.422343" T="0"/>
				<pos i="11" A="0.252044" C="0.328338" G="0.320163" T="0.099455"/>
			</motif>
			<motif id="t_1_RARG_HUMAN.H10MO.S" name="RARG_HUMAN.H10MO.S" length="7" evalue="1.0e+000" nsites="29" url="http://hocomoco.autosome.ru/motif/RARG_HUMAN.H10MO.S">
				<pos i="1" A="0.298689" C="0.145131" G="0.530899" T="0.0252809"/>
				<pos i="2" A="0.794007" C="0" G="0.205993" T="0"/>
				<pos i="3" A="0" C="0" G="1" T="0"/>
				<pos i="4" A="0" C="0" G="0.722846" T="0.277154"/>
				<pos i="5" A="0" C="0" G="0" T="1"/>
				<pos i="6" A="0" C="1" G="0" T="0"/>
				<pos i="7" A="0.928839" C="0.071161" G="0" T="0"/>
			</motif>
			<motif id="t_1_RXRB_HUMAN.H10MO.C" name="RXRB_HUMAN.H10MO.C" length="10" evalue="1.0e+000" nsites="26" url="http://hocomoco.autosome.ru/motif/RXRB_HUMAN.H10MO.C">
				<pos i="1" A="0.142857" C="0.0952381" G="0.138095" T="0.62381"/>
				<pos i="2" A="0.109524" C="0.37619" G="0.514286" T="0"/>
				<pos i="3" A="0.847619" C="0.0666667" G="0.0857143" T="0"/>
				<pos i="4" A="0.0428571" C="0" G="0.871429" T="0.0857143"/>
				<pos i="5" A="0" C="0.0595238" G="0.845238" T="0.0952381"/>
				<pos i="6" A="0.0428571" C="0" G="0.0428571" T="0.914286"/>
				<pos i="7" A="0.0166667" C="0.87381" G="0.0666667" T="0.0428571"/>
				<pos i="8" A="0.957143" C="0.0428571" G="0" T="0"/>
				<pos i="9" A="0.0952381" C="0.495238" G="0.304762" T="0.104762"/>
				<pos i="10" A="0.397619" C="0.12381" G="0.316667" T="0.161905"/>
			</motif>
			<motif id="t_1_THA_HUMAN.H10MO.S" name="THA_HUMAN.H10MO.S" length="10" evalue="1.0e+000" nsites="74" url="http://hocomoco.autosome.ru/motif/THA_HUMAN.H10MO.S">
				<pos i="1" A="0.0903614" C="0.356928" G="0.195783" T="0.356928"/>
				<pos i="2" A="0.0873494" C="0.146084" G="0.0783133" T="0.688253"/>
				<pos i="3" A="0.131024" C="0.503012" G="0.281627" T="0.0843373"/>
				<pos i="4" A="0.787651" C="0.0466867" G="0.165663" T="0"/>
				<pos i="5" A="0" C="0.00753012" G="0.914157" T="0.0783133"/>
				<pos i="6" A="0" C="0" G="0.932229" T="0.0677711"/>
				<pos i="7" A="0.0677711" C="0" G="0.00903614" T="0.923193"/>
				<pos i="8" A="0" C="0.929217" G="0.0707831" T="0"/>
				<pos i="9" A="0.936747" C="0.0527108" G="0.0105422" T="0"/>
				<pos i="10" A="0.146084" C="0.293675" G="0.415663" T="0.144578"/>
			</motif>
			<motif id="t_1_THB_HUMAN.H10MO.C" name="THB_HUMAN.H10MO.C" length="17" evalue="1.0e+000" nsites="35" url="http://hocomoco.autosome.ru/motif/THB_HUMAN.H10MO.C">
				<pos i="1" A="0.225753" C="0.192308" G="0.5" T="0.0819398"/>
				<pos i="2" A="0.568562" C="0" G="0.311037" T="0.120401"/>
				<pos i="3" A="0.153846" C="0.29097" G="0.508361" T="0.0468227"/>
				<pos i="4" A="0.110368" C="0.304348" G="0.525084" T="0.0602007"/>
				<pos i="5" A="0" C="0.29097" G="0.140468" T="0.568562"/>
				<pos i="6" A="0.143813" C="0.48495" G="0.277592" T="0.0936455"/>
				<pos i="7" A="0.662207" C="0.120401" G="0.107023" T="0.110368"/>
				<pos i="8" A="0.0769231" C="0.341137" G="0.411371" T="0.170569"/>
				<pos i="9" A="0.317726" C="0.250836" G="0.384615" T="0.0468227"/>
				<pos i="10" A="0" C="0.0602007" G="0.234114" T="0.705686"/>
				<pos i="11" A="0.0936455" C="0.458194" G="0.41806" T="0.0301003"/>
				<pos i="12" A="0.9699" C="0" G="0.0301003" T="0"/>
				<pos i="13" A="0" C="0" G="0.926421" T="0.0735786"/>
				<pos i="14" A="0" C="0" G="0.9699" T="0.0301003"/>
				<pos i="15" A="0.277592" C="0" G="0.0234114" T="0.698997"/>
				<pos i="16" A="0.0535117" C="0.819398" G="0.09699" T="0.0301003"/>
				<pos i="17" A="0.856187" C="0.143813" G="0" T="0"/>
			</motif>
			<motif id="t_1_THB_HUMAN.H10MO.S" name="THB_HUMAN.H10MO.S" length="10" evalue="1.0e+000" nsites="52" url="http://hocomoco.autosome.ru/motif/THB_HUMAN.H10MO.S">
				<pos i="1" A="0.0689655" C="0.305747" G="0.429885" T="0.195402"/>
				<pos i="2" A="0.158621" C="0.229885" G="0.51954" T="0.091954"/>
				<pos i="3" A="0" C="0.0413793" G="0.195402" T="0.763218"/>
				<pos i="4" A="0.062069" C="0.565517" G="0.351724" T="0.0206897"/>
				<pos i="5" A="0.981609" C="0" G="0.0183908" T="0"/>
				<pos i="6" A="0" C="0.0942529" G="0.852874" T="0.0528736"/>
				<pos i="7" A="0.0229885" C="0.0758621" G="0.88046" T="0.0206897"/>
				<pos i="8" A="0.193103" C="0" G="0" T="0.806897"/>
				<pos i="9" A="0.0206897" C="0.958621" G="0.0206897" T="0"/>
				<pos i="10" A="0.867816" C="0.109195" G="0.00574713" T="0.0172414"/>
			</motif>
			<motif id="t_1_ZBTB6_HUMAN.H10MO.D" name="ZBTB6_HUMAN.H10MO.D" length="13" evalue="1.0e+000" nsites="33" url="http://hocomoco.autosome.ru/motif/ZBTB6_HUMAN.H10MO.D">
				<pos i="1" A="0.424242" C="0.242424" G="0.30303" T="0.030303"/>
				<pos i="2" A="0.0909091" C="0" G="0.818182" T="0.0909091"/>
				<pos i="3" A="0.621212" C="0" G="0.378788" T="0"/>
				<pos i="4" A="0.0909091" C="0.181818" G="0" T="0.727273"/>
				<pos i="5" A="0.121212" C="0.151515" G="0.69697" T="0.030303"/>
				<pos i="6" A="0.666667" C="0.242424" G="0.0909091" T="0"/>
				<pos i="7" A="0" C="0.030303" G="0.030303" T="0.939394"/>
				<pos i="8" A="0.5" C="0.030303" G="0.378788" T="0.0909091"/>
				<pos i="9" A="0" C="0" G="1" T="0"/>
				<pos i="10" A="1" C="0" G="0" T="0"/>
				<pos i="11" A="0" C="0" G="1" T="0"/>
				<pos i="12" A="0.0909091" C="0.848485" G="0.030303" T="0.030303"/>
				<pos i="13" A="0.0151515" C="0.742424" G="0.166667" T="0.0757576"/>
			</motif>
		</target_file>
	</targets>
	<queries>
		<query_file source="PSO2vsPSO3_selected_motifs.pwm" name="PSO2vsPSO3_selected_motifs.pwm" last_mod_date="Thu Aug 11 11:17:49 2016">
			<query>
				<motif id="q_Weeder_2" name="Weeder_2" length="10" evalue="1.0e-003" nsites="100" >
					<pos i="1" A="0.000166556" C="0.9995" G="0.000166556" T="0.000166556"/>
					<pos i="2" A="0.166722" C="0.166722" G="0.666389" T="0.000166556"/>
					<pos i="3" A="0.832945" C="0.166722" G="0.000166556" T="0.000166556"/>
					<pos i="4" A="0.000166556" C="0.000166556" G="0.9995" T="0.000166556"/>
					<pos i="5" A="0.9995" C="0.000166556" G="0.000166556" T="0.000166556"/>
					<pos i="6" A="0.000166556" C="0.000166556" G="0.000166556" T="0.9995"/>
					<pos i="7" A="0.000166556" C="0.9995" G="0.000166556" T="0.000166556"/>
					<pos i="8" A="0.166722" C="0.000166556" G="0.166722" T="0.666389"/>
					<pos i="9" A="0.000166556" C="0.9995" G="0.000166556" T="0.000166556"/>
					<pos i="10" A="0.000166556" C="0.000166556" G="0.9995" T="0.000166556"/>
				</motif>
			</query>
			<query>
				<motif id="q_Improbizer_CTTTCACCTATAATTCCACC" name="Improbizer_CTTTCACCTATAATTCCACC" length="20" evalue="1.0e-003" nsites="100" >
					<pos i="1" A="0.0650007" C="0.496999" G="0.0650007" T="0.373"/>
					<pos i="2" A="0.126874" C="0.187812" G="0.126874" T="0.55844"/>
					<pos i="3" A="0.0650007" C="0.312" G="0.188" T="0.434999"/>
					<pos i="4" A="0.311688" C="0.126874" G="0.0649358" T="0.496503"/>
					<pos i="5" A="0.24975" C="0.55844" G="0.126874" T="0.0649358"/>
					<pos i="6" A="0.434999" C="0.0650007" G="0.25" T="0.25"/>
					<pos i="7" A="0.127" C="0.557999" G="0.0650007" T="0.25"/>
					<pos i="8" A="0.373" C="0.434999" G="0.0650007" T="0.127"/>
					<pos i="9" A="0.127" C="0.0650007" G="0.00300099" T="0.804998"/>
					<pos i="10" A="0.620619" C="0.00300399" G="0.373373" T="0.00300399"/>
					<pos i="11" A="0.127" C="0.00300099" G="0.00300099" T="0.866998"/>
					<pos i="12" A="0.990988" C="0.00300399" G="0.00300399" T="0.00300399"/>
					<pos i="13" A="0.990988" C="0.00300399" G="0.00300399" T="0.00300399"/>
					<pos i="14" A="0.0650658" C="0.00300399" G="0.00300399" T="0.928926"/>
					<pos i="15" A="0.00300099" C="0.312" G="0.00300099" T="0.681998"/>
					<pos i="16" A="0.127" C="0.804998" G="0.00300099" T="0.0650007"/>
					<pos i="17" A="0.188" C="0.619999" G="0.0650007" T="0.127"/>
					<pos i="18" A="0.804998" C="0.0650007" G="0.0650007" T="0.0650007"/>
					<pos i="19" A="0.25" C="0.373" G="0.312" T="0.0650007"/>
					<pos i="20" A="0.25" C="0.434999" G="0.127" T="0.188"/>
				</motif>
				<match target="t_1_PITX1_HUMAN.H10MO.D" orientation="reverse" offset="-6" pvalue="0.000124046" evalue="0.0795133" qvalue="0.0697143"/>
				<match target="t_1_OTX2_HUMAN.H10MO.C" orientation="reverse" offset="-7" pvalue="0.000153294" evalue="0.0982614" qvalue="0.0697143"/>
				<match target="t_1_PITX2_HUMAN.H10MO.D" orientation="reverse" offset="-8" pvalue="0.000174753" evalue="0.112017" qvalue="0.0697143"/>
				<match target="t_1_ARI3A_HUMAN.H10MO.S" orientation="reverse" offset="-8" pvalue="0.000360604" evalue="0.231147" qvalue="0.107892"/>
				<match target="t_1_DLX6_HUMAN.H10MO.D" orientation="reverse" offset="-1" pvalue="0.000474267" evalue="0.304005" qvalue="0.11352"/>
				<match target="t_1_LHX2_HUMAN.H10MO.D" orientation="forward" offset="-4" pvalue="0.000720848" evalue="0.462064" qvalue="0.143784"/>
			</query>
			<query>
				<motif id="q_DECOD_Motif2_8" name="DECOD_Motif2_8" length="8" evalue="1.0e-003" nsites="100" >
					<pos i="1" A="0" C="0" G="0.1" T="0.9"/>
					<pos i="2" A="0.15" C="0.05" G="0.8" T="0"/>
					<pos i="3" A="1" C="0" G="0" T="0"/>
					<pos i="4" A="1" C="0" G="0" T="0"/>
					<pos i="5" A="0" C="0" G="0" T="1"/>
					<pos i="6" A="0" C="0" G="0" T="1"/>
					<pos i="7" A="0" C="0.8" G="0.05" T="0.15"/>
					<pos i="8" A="0.9" C="0.1" G="0" T="0"/>
				</motif>
			</query>
			<query>
				<motif id="q_DME_MCTTKAGG" name="DME_MCTTKAGG" length="8" evalue="1.0e-003" nsites="100" >
					<pos i="1" A="0.642857" C="0.357143" G="0" T="0"/>
					<pos i="2" A="0" C="1" G="0" T="0"/>
					<pos i="3" A="0" C="0" G="0" T="1"/>
					<pos i="4" A="0" C="0" G="0" T="1"/>
					<pos i="5" A="0" C="0" G="0.357143" T="0.642857"/>
					<pos i="6" A="1" C="0" G="0" T="0"/>
					<pos i="7" A="0" C="0" G="1" T="0"/>
					<pos i="8" A="0" C="0" G="1" T="0"/>
				</motif>
			</query>
			<query>
				<motif id="q_DME_TRKGTGTT" name="DME_TRKGTGTT" length="8" evalue="1.0e-003" nsites="100" >
					<pos i="1" A="0" C="0" G="0" T="1"/>
					<pos i="2" A="0.363636" C="0" G="0.636364" T="0"/>
					<pos i="3" A="0" C="0" G="0.272727" T="0.727273"/>
					<pos i="4" A="0" C="0" G="1" T="0"/>
					<pos i="5" A="0" C="0" G="0" T="1"/>
					<pos i="6" A="0" C="0" G="1" T="0"/>
					<pos i="7" A="0" C="0" G="0" T="1"/>
					<pos i="8" A="0" C="0" G="0" T="1"/>
				</motif>
				<match target="t_1_GLI2_HUMAN.H10MO.B" orientation="forward" offset="1" pvalue="0.000700303" evalue="0.448894" qvalue="0.4863"/>
			</query>
			<query>
				<motif id="q_DME_TTWTTYAMWR" name="DME_TTWTTYAMWR" length="10" evalue="1.0e-003" nsites="100" >
					<pos i="1" A="0" C="0" G="0" T="1"/>
					<pos i="2" A="0" C="0" G="0" T="1"/>
					<pos i="3" A="0.357143" C="0" G="0" T="0.642857"/>
					<pos i="4" A="0" C="0" G="0" T="1"/>
					<pos i="5" A="0" C="0" G="0" T="1"/>
					<pos i="6" A="0" C="0.142857" G="0" T="0.857143"/>
					<pos i="7" A="1" C="0" G="0" T="0"/>
					<pos i="8" A="0.714286" C="0.285714" G="0" T="0"/>
					<pos i="9" A="0.785714" C="0" G="0" T="0.214286"/>
					<pos i="10" A="0.785714" C="0" G="0.214286" T="0"/>
				</motif>
			</query>
			<query>
				<motif id="q_DME_GGCTSWAG" name="DME_GGCTSWAG" length="8" evalue="1.0e-003" nsites="100" >
					<pos i="1" A="0" C="0" G="1" T="0"/>
					<pos i="2" A="0" C="0" G="1" T="0"/>
					<pos i="3" A="0" C="1" G="0" T="0"/>
					<pos i="4" A="0" C="0" G="0" T="1"/>
					<pos i="5" A="0" C="0.642857" G="0.357143" T="0"/>
					<pos i="6" A="0.571429" C="0" G="0" T="0.428571"/>
					<pos i="7" A="1" C="0" G="0" T="0"/>
					<pos i="8" A="0" C="0" G="1" T="0"/>
				</motif>
				<match target="t_1_ZBTB6_HUMAN.H10MO.D" orientation="reverse" offset="0" pvalue="0.000640352" evalue="0.410466" qvalue="0.820931"/>
			</query>
			<query>
				<motif id="q_DME_TGAGGTCW" name="DME_TGAGGTCW" length="8" evalue="1.0e-003" nsites="100" >
					<pos i="1" A="0" C="0" G="0" T="1"/>
					<pos i="2" A="0" C="0" G="1" T="0"/>
					<pos i="3" A="1" C="0" G="0" T="0"/>
					<pos i="4" A="0" C="0.117647" G="0.882353" T="0"/>
					<pos i="5" A="0" C="0" G="1" T="0"/>
					<pos i="6" A="0" C="0" G="0" T="1"/>
					<pos i="7" A="0" C="1" G="0" T="0"/>
					<pos i="8" A="0.882353" C="0" G="0.0588235" T="0.0588235"/>
				</motif>
				<match target="t_1_RARA_HUMAN.H10MO.S" orientation="forward" offset="-1" pvalue="3.912e-06" evalue="0.00250759" qvalue="0.00430636"/>
				<match target="t_1_JDP2_HUMAN.H10MO.D" orientation="forward" offset="3" pvalue="1.31724e-05" evalue="0.00844351" qvalue="0.00430636"/>
				<match target="t_1_ATF7_HUMAN.H10MO.D" orientation="forward" offset="2" pvalue="1.39761e-05" evalue="0.00895871" qvalue="0.00430636"/>
				<match target="t_1_THB_HUMAN.H10MO.S" orientation="forward" offset="2" pvalue="2.15857e-05" evalue="0.0138364" qvalue="0.0046508"/>
				<match target="t_1_RXRB_HUMAN.H10MO.C" orientation="forward" offset="0" pvalue="3.03142e-05" evalue="0.0194314" qvalue="0.00478247"/>
				<match target="t_1_CREB5_HUMAN.H10MO.D" orientation="forward" offset="2" pvalue="3.64568e-05" evalue="0.0233688" qvalue="0.00478247"/>
				<match target="t_1_ATF2_HUMAN.H10MO.B" orientation="forward" offset="1" pvalue="3.7481e-05" evalue="0.0240253" qvalue="0.00478247"/>
				<match target="t_1_RARG_HUMAN.H10MO.S" orientation="forward" offset="-1" pvalue="3.88034e-05" evalue="0.024873" qvalue="0.00478247"/>
				<match target="t_1_PPARA_HUMAN.H10MO.S" orientation="forward" offset="-1" pvalue="4.63639e-05" evalue="0.0297193" qvalue="0.00481459"/>
				<match target="t_1_THA_HUMAN.H10MO.S" orientation="forward" offset="1" pvalue="4.96627e-05" evalue="0.0318338" qvalue="0.00481459"/>
				<match target="t_1_CREM_HUMAN.H10MO.C" orientation="forward" offset="3" pvalue="0.000104161" evalue="0.0667674" qvalue="0.00916982"/>
				<match target="t_1_RARB_HUMAN.H10MO.D" orientation="forward" offset="-1" pvalue="0.000141884" evalue="0.090948" qvalue="0.0109294"/>
				<match target="t_1_THB_HUMAN.H10MO.C" orientation="forward" offset="9" pvalue="0.000182106" evalue="0.11673" qvalue="0.0132026"/>
				<match target="t_1_NR2C1_HUMAN.H10MO.C" orientation="forward" offset="4" pvalue="0.00030142" evalue="0.19321" qvalue="0.0206387"/>
				<match target="t_1_ESR2_HUMAN.H10MO.S" orientation="forward" offset="-2" pvalue="0.000542813" evalue="0.347943" qvalue="0.0327457"/>
				<match target="t_1_ERR3_HUMAN.H10MO.B" orientation="forward" offset="1" pvalue="0.000557945" evalue="0.357642" qvalue="0.0327457"/>
				<match target="t_1_CREB1_HUMAN.H10MO.A" orientation="reverse" offset="3" pvalue="0.000703254" evalue="0.450786" qvalue="0.0393978"/>
			</query>
		</query_file>
	</queries>
	<runtime cycles="17847921" seconds="17.848"/>
</tomtom>
