503 feature  	 square of weight value
Improbizer_GAGGCCCGCGTTCTGCG 	0.00284725585465
DME_TGSSWSWTTG 	0.00275303852343
Improbizer_TCCAACATAAATATTT 	0.00271686468598
MDmodule_Motif.12.6 	0.00188500694444
DME_ATCMCCTGAGGT 	0.00172710406477
TCTYTACTAAAARTACAAAA_20 	0.0016
length.20.37 	0.00150458856721
DME_CACYYTGRGM 	0.001181640625
DME_TCCCAAARTGCTGGGA 	0.00112105389031
Improbizer_CTTCGCACCCACC 	0.00106127526796
MDmodule_Motif.10.1 	0.00103316326531
DME_TSGKKGWGGG 	0.001024
DME_ATYTTTRG 	0.000784
Homer_10_2 	0.000600384180069
MDmodule_Motif.14.10 	0.000571833648393
DME_GAGTTCGAGACCAR 	0.0005200248813
MDmodule_Motif.14.2 	0.00051652892562
DME_RCCCAGGCTGGA 	0.000409719037002
Improbizer_TGTTACAGTATCT 	0.000402782600309
Homer_8_3 	0.000377629111425
DME_TSTGKCGC 	0.000357583486005
DME_TGATAGAGTTCAGTTT 	0.000340816160077
DME_GAGTGCAG 	0.000324
DME_TGCTGGGATTASAGGC 	0.000286194810334
DME_CCATYTTT 	0.000283769539701
BioProspector_w12_10 	0.000280442297566
TTTTTGTATTTTWAGT_16 	0.000265294995409
BioProspector_w10_2 	0.000225
DME_CCTGGCWG 	0.000219117901662
CCYSCCTCRGCC_12 	0.000191010057411
MEME_9_w8 	0.000169804042874
DME_TCCCAAARTGCTGG 	0.000131280652565
DME_GGCTGGAGKGCART 	0.000127197693482
BioProspector_w8_3 	0.0001265625
DME_GGAAATAATG 	0.00011701414571
DME_GGTRRCTC 	0.000106943303309
MEME_9_w14 	0.0001
DME_SKTGGGGT 	8.49954247959e-05
DME_TGAGGCAGGAGAATCG 	7.9012345679e-05
BioProspector_w12_9 	7.34693877551e-05
DME_CTSCTGGG 	6.7156878851e-05
DME_YCAGGAGTTYGAGA 	5.77805423667e-05
DME_CTGAGGWC 	5.73921028466e-05
DME_CAYTTTGGGASGCC 	5.37777777778e-05
length.16.37 	5.20062869822e-05
Improbizer_AGGTCCGCGCC 	4.95850694444e-05
DME_YTTMTYTRYT 	4.77525143526e-05
Homer_10_1 	2.83737813146e-05
DME_SCACYTWGRG 	6.87686439435e-06
length.14.37 	2.40483139239e-06
DME_GAGGCAGGAGAATC 	0.0
DME_ATTTTWRGTA 	0.0
DME_AYTTTGGGAGGC 	0.0
DME_CCAAARTGCTGGGA 	0.0
DME_AGGAATCTCTATTTTT 	0.0
DME_CSRGCCTGRR 	0.0
Homer_10_10 	0.0
TGCTGGGATTACAGGC_16 	0.0
DME_GAGAATYGCTTG 	0.0
CCCAGGCWGGAGTGCAGT_18 	0.0
DME_CCTGAGGTCAGG 	0.0
DME_AGGCAGGAGAATCG 	0.0
DME_GCCTGGGYGACAGR 	0.0
DME_KTTCTARG 	0.0
DME_GGAGAATCGCTTGA 	0.0
BioProspector_w8_1 	0.0
DME_WTATKTCC 	0.0
DME_CAGGCTGGAGKGCA 	0.0
DME_TGAGGTCAGGAGTTYG 	0.0
DME_CTKKARGGCM 	0.0
DME_GCAYTTTGGGAGGC 	0.0
DME_GGGTSTKG 	0.0
DME_CTACTCGGGAGG 	0.0
DME_GGTCAGGAGTTYGAGA 	0.0
DME_GGCCTDGC 	0.0
DME_CAGHSGKSAG 	0.0
ATASAAAA_8 	0.0
length.12.33 	0.0
DME_GGCGGGRSYG 	0.0
DME_CAGGYGCCTK 	0.0
BioProspector_w14_8 	0.0
BioProspector_w14_9 	0.0
BioProspector_w14_2 	0.0
BioProspector_w14_3 	0.0
BioProspector_w14_1 	0.0
BioProspector_w14_6 	0.0
BioProspector_w14_7 	0.0
BioProspector_w14_4 	0.0
BioProspector_w14_5 	0.0
DME_GGCRGGCGCCTG 	0.0
AAAAAKACAAAA_12 	0.0
DME_GTATTTTTAGTARAGW 	0.0
DME_GCTGGGATTASAGG 	0.0
DME_AGGGCTKR 	0.0
DME_CTGGGATTASAGGC 	0.0
length.20.67 	0.0
DME_TTKTGTMTTTTT 	0.0
MEME_7_w8 	0.0
MEME_2_w10 	0.0
AATCCCAGCACTTTGGGM_18 	0.0
MEME_2_w12 	0.0
MEME_2_w14 	0.0
DME_SGSKCAGYCT 	0.0
DME_CAYTTTGGGAGG 	0.0
DME_AGCCTGGGYGACAGRG 	0.0
length.20.1 	0.0
DME_AGGAGTTYGAGA 	0.0
DME_TGGGYSAC 	0.0
DME_GCCCGGCTAATTTT 	0.0
DME_CAGCCTGRGYKA 	0.0
BioProspector_w12_8 	0.0
Weeder_3 	0.0
DME_GTCAGGAGTTYG 	0.0
BioProspector_w12_1 	0.0
BioProspector_w12_2 	0.0
BioProspector_w12_3 	0.0
BioProspector_w12_4 	0.0
BioProspector_w12_5 	0.0
DME_GTCRCCCAGGCTGG 	0.0
BioProspector_w12_7 	0.0
DME_YCCAGGCTGGASTG 	0.0
BioProspector_w10_8 	0.0
BioProspector_w10_9 	0.0
BioProspector_w10_6 	0.0
BioProspector_w10_7 	0.0
BioProspector_w10_4 	0.0
BioProspector_w10_5 	0.0
BioProspector_w10_3 	0.0
BioProspector_w10_1 	0.0
BioProspector_w8_10 	0.0
length.16.1 	0.0
MEME_5_w12 	0.0
MEME_5_w10 	0.0
DME_CCAAARTGCTGGGATT 	0.0
MEME_5_w14 	0.0
length.10.1 	0.0
DME_AGGCAGGAGAATCGCT 	0.0
DME_ACTCGGGMGG 	0.0
DME_TGTATTTTTAGTARAG 	0.0
DME_AGTTYGAGAC 	0.0
MDmodule_Motif.14.5 	0.0
MDmodule_Motif.12.10 	0.0
DME_TGTCRCCCAGGCTGGA 	0.0
DME_TKTATTTTWA 	0.0
length.12.1 	0.0
MDmodule_Motif.10.10 	0.0
DME_GTCGCCCAGG 	0.0
DME_GCTACTCGGGAG 	0.0
BioProspector_w8_8 	0.0
BioProspector_w8_9 	0.0
BioProspector_w8_6 	0.0
BioProspector_w8_7 	0.0
BioProspector_w8_4 	0.0
BioProspector_w8_5 	0.0
BioProspector_w8_2 	0.0
DME_RCCCAGGCTGGAGKGC 	0.0
DME_TGGGATTASAGG 	0.0
length.14.33 	0.0
m1_c1_GCCTGwAATCCCAGCwmCTTGGGAGGCyGAGGCrsG 	0.0
DME_TGAGGTCAGGAG 	0.0
DME_GAGGCAGGAGAATCGC 	0.0
GARRCTGAGG_10 	0.0
DME_AGCAYTTTGGGA 	0.0
length.14.1 	0.0
DME_AGGAGTTCGAGACC 	0.0
AMD_Motif4 	0.0
AMD_Motif5 	0.0
AMD_Motif6 	0.0
AMD_Motif7 	0.0
AMD_Motif2 	0.0
Homer_12_10 	0.0
AMD_Motif8 	0.0
AMD_Motif9 	0.0
length.20.29 	0.0
GGSCGGGG_8 	0.0
DME_GGAGTTYGAGAC 	0.0
DME_AGGTCAGGAGTTYG 	0.0
DME_GAATCTCTATTTTTTT 	0.0
DME_AGGYGCCT 	0.0
DME_KTGTATYTTW 	0.0
MEME_9_w12 	0.0
MEME_9_w10 	0.0
DME_GKWSTRKGGG 	0.0
DME_YCTGTCRCCCAGGCTG 	0.0
DME_CRCCCAGGCTGGASTG 	0.0
DME_GYTCSRGMCC 	0.0
DME_KTGTATTTTWAGTA 	0.0
DME_CAGGAGTYCG 	0.0
DME_AGGGMMAGGY 	0.0
DME_CCAKGAGG 	0.0
CCTGSCTCAGCCTCCC_16 	0.0
DME_TGGTCTCGAACTCCTG 	0.0
DME_CCTGGGYGACAGRG 	0.0
MDmodule_Motif.8.9 	0.0
MDmodule_Motif.8.8 	0.0
MDmodule_Motif.8.1 	0.0
MDmodule_Motif.8.3 	0.0
MDmodule_Motif.8.2 	0.0
MDmodule_Motif.8.5 	0.0
MDmodule_Motif.8.4 	0.0
MDmodule_Motif.8.7 	0.0
MDmodule_Motif.8.6 	0.0
DECOD_Motif3_8 	0.0
DME_CTGGGYGACAGR 	0.0
MEME_2_w8 	0.0
ATTTKWKKATTTTT_14 	0.0
DME_SGATCMCCTGAGGT 	0.0
DECOD_Motif1_8 	0.0
DME_SCACTTWG 	0.0
AAAATACA_8 	0.0
MDmodule_Motif.10.5 	0.0
DME_TTTATTATTATTTTCT 	0.0
DME_TGACCTCAGGKGAT 	0.0
DME_CAGGCTGGASTG 	0.0
DME_TTKTGTATTTTTAGTA 	0.0
DME_GTGCTGGGATTACAGG 	0.0
DME_CCTGGCTAATTTTTTG 	0.0
DME_CASCAYTTTGGG 	0.0
DME_CCAGGCTGGA 	0.0
DME_GCCTGGGYGM 	0.0
DME_GGGSTCWA 	0.0
MEME_10_w8 	0.0
Homer_12_1 	0.0
length.12.29 	0.0
DME_TGACCTCAGGKG 	0.0
DME_CTGAGKTCAGGA 	0.0
AAAAWTAYMMAAAT_14 	0.0
length.16.29 	0.0
DME_WTTGTRTWTT 	0.0
DME_GCTGGAGKGCARTG 	0.0
DME_CCMGGCTG 	0.0
DME_CAGGAGAATCGCTT 	0.0
DME_GCGATTCTCCTG 	0.0
DME_TTYAMTTT 	0.0
MEME_4_w8 	0.0
Homer_12_8 	0.0
Homer_12_9 	0.0
Homer_12_6 	0.0
Homer_12_7 	0.0
Homer_12_4 	0.0
Homer_12_5 	0.0
Homer_12_2 	0.0
Homer_12_3 	0.0
DME_CRCCCWGGCTGG 	0.0
Homer_10_8 	0.0
Homer_10_9 	0.0
Homer_10_3 	0.0
Homer_10_4 	0.0
Homer_10_5 	0.0
Homer_10_6 	0.0
Homer_10_7 	0.0
MDmodule_Motif.12.5 	0.0
DME_AGCAYTTTGGGAGGCY 	0.0
length.16.51 	0.0
DME_GAGGTCAGGAGTTY 	0.0
m4_c2_nCCCAGGAGGCrGAGGyyGnnsnrrs 	0.0
DME_YCAGCAYTTTGGGAGG 	0.0
DME_AGGMGCCYGC 	0.0
DME_AGCCTGGGYGAC 	0.0
DME_AATTAGCCGGGC 	0.0
DME_AGMWYTKTGG 	0.0
MDmodule_Motif.12.3 	0.0
TCTCTACTWAAAATACAA_18 	0.0
MEME_3_w14 	0.0
m3_c1_rCCCAGGCTGGAGTGCAGwsk 	0.0
DME_GTCAGGAGTTYGAG 	0.0
MEME_3_w10 	0.0
MEME_3_w12 	0.0
m2_c1_wwTTTTTkTwTTTTTn 	0.0
Improbizer_GTGCGGCCGCGGCCCC 	0.0
DME_GGAGTTCSAG 	0.0
DME_RGCCTVGGYG 	0.0
Homer_14_4 	0.0
Homer_14_5 	0.0
Homer_14_1 	0.0
Homer_14_2 	0.0
Homer_14_3 	0.0
DME_GCCTGGGYGACA 	0.0
MDmodule_Motif.12.1 	0.0
DME_SGATCMCCTGAGGTCA 	0.0
Improbizer_CGAAGCGCTGGAATTACA 	0.0
BioProspector_w14_10 	0.0
DME_GKGGCTYRWG 	0.0
DECOD_Motif5_8 	0.0
DME_GACCTCAGGKGA 	0.0
CTYTACTMAAAATACMAAAA_20 	0.0
DECOD_Motif4_8 	0.0
DME_TTATWMTT 	0.0
DME_AGGCTGGAGKGC 	0.0
DME_GGAATCTCTATTTTTT 	0.0
MEME_1_w8 	0.0
DME_GCAGGAGAATCGCTTG 	0.0
DME_RGCGGYTG 	0.0
MEME_10_w14 	0.0
MEME_10_w12 	0.0
DME_GGCBACARRS 	0.0
DME_GGGCSRCAGR 	0.0
AGCMCTTWGGGAKG_14 	0.0
AAKAAAWAAA_10 	0.0
DECOD_Motif2_14 	0.0
DECOD_Motif2_10 	0.0
DECOD_Motif2_12 	0.0
DME_GGCTGGASTG 	0.0
DME_GTCRCCCAGGCTGGAG 	0.0
length.16.33 	0.0
CASTCCAKCCTGGRYSASAG_20 	0.0
MDmodule_Motif.12.9 	0.0
MDmodule_Motif.12.8 	0.0
MDmodule_Motif.12.7 	0.0
DECOD_Motif4_14 	0.0
MDmodule_Motif.12.4 	0.0
DECOD_Motif4_12 	0.0
MDmodule_Motif.12.2 	0.0
DECOD_Motif4_10 	0.0
MEME_8_w12 	0.0
DME_TGGGASGCCGAGGC 	0.0
DME_CCTGAGGTCAGGAGTT 	0.0
MDmodule_Motif.14.1 	0.0
MDmodule_Motif.14.3 	0.0
DME_GGRVRGGGCK 	0.0
MDmodule_Motif.14.4 	0.0
MDmodule_Motif.14.7 	0.0
MDmodule_Motif.14.6 	0.0
MDmodule_Motif.14.9 	0.0
MDmodule_Motif.14.8 	0.0
TTTTTGTATTTTTAGTARAG_20 	0.0
DME_GATCMCCTGAGG 	0.0
DME_CTGGGCGACA 	0.0
DME_CTTGCTCTGG 	0.0
DME_GGGATTASAGGC 	0.0
DME_AGGTCAGGASTT 	0.0
MDmodule_Motif.10.9 	0.0
MDmodule_Motif.10.8 	0.0
DME_TACTCGGGRG 	0.0
DME_TGGCTAATTTTTTGTA 	0.0
MDmodule_Motif.10.4 	0.0
MDmodule_Motif.10.7 	0.0
MDmodule_Motif.10.6 	0.0
MDmodule_Motif.10.3 	0.0
MDmodule_Motif.10.2 	0.0
DME_CTGAGGTCAGGAGT 	0.0
DME_GATCMCCTGAGGTCAG 	0.0
length.18.37 	0.0
length.18.33 	0.0
DME_MACTGGRT 	0.0
MEME_7_w10 	0.0
MEME_7_w12 	0.0
MEME_7_w14 	0.0
CCGCCTCGGCCTCC_14 	0.0
MEME_3_w8 	0.0
DME_SSGGGTGG 	0.0
DME_GAGGTCAGGAGTTYGA 	0.0
MEME_8_w10 	0.0
MEME_8_w14 	0.0
DME_TATTTTTAGTARAG 	0.0
DME_TGTCRCCCAGGCTG 	0.0
MEME_4_w14 	0.0
MEME_4_w12 	0.0
DME_CAGGAGTTCSAG 	0.0
DME_GGCAGGAGAATCGCTT 	0.0
DME_TTTGGGASGCCGAGGC 	0.0
GGGGGCGGGG_10 	0.0
MEME_5_w8 	0.0
DME_KTGAAART 	0.0
DME_GTATTTTWAGTA 	0.0
TTWTGTATTTTTAGTA_16 	0.0
MDmodule_Motif.8.10 	0.0
CAGCACTKTGGSAG_14 	0.0
CYGTSTYT_8 	0.0
DME_TTASAGGY 	0.0
DME_CAGCAYTTTGGGAG 	0.0
DME_YVAARTKCTG 	0.0
MEME_8_w8 	0.0
DME_TGGTCTCGAA 	0.0
DME_YCAGGAGTTCSA 	0.0
DME_KTGTATTTTWAG 	0.0
DME_GTCAGGAGTTYGAGAC 	0.0
DME_CCCAAARTGCTGGGAT 	0.0
DME_GCAGGAGAATCGCT 	0.0
length.18.1 	0.0
DME_GATCMCCTGAGGTC 	0.0
DME_CYTGRGGT 	0.0
TGTATTTTTAGT_12 	0.0
CAGCACTTTGGG_12 	0.0
DME_GCAYTTTGGGAG 	0.0
DME_CTKRGCGA 	0.0
DME_CCAAARTGCTGG 	0.0
DME_TATTTTTAGTAGAGTT 	0.0
DME_TCRCCCAGGCTGGAST 	0.0
DME_GGGCSACA 	0.0
DME_TATTTTWART 	0.0
Improbizer_CGCGGTGGCTCATGCCTGTAATCC 	0.0
DME_CAGGCTGGAG 	0.0
DME_GGAGTTCGAGACCA 	0.0
Improbizer_TAATATGCTCTT 	0.0
DME_TCCWGGGC 	0.0
DME_AKTATTAK 	0.0
BioProspector_w12_6 	0.0
DME_GKGGGCGG 	0.0
DME_GCAGGAGAATCG 	0.0
DME_GGCTGGAGKGCA 	0.0
DME_AGCAYTTTGGGAGG 	0.0
DME_GGTCAGGAGTTYGA 	0.0
MEME_4_w10 	0.0
DME_KKGGTGGG 	0.0
Weeder_2 	0.0
Weeder_1 	0.0
DME_TKTGTATTTTTA 	0.0
DME_CTTSAGCCCAGGAG 	0.0
DME_TGGGYGACAGRG 	0.0
BioProspector_w10_10 	0.0
MEME_10_w10 	0.0
TTCTCCTKCCTCAGCCYCCC_20 	0.0
TGTATTTYTA_10 	0.0
DME_CTGGCTAATTTTTTGT 	0.0
length.14.29 	0.0
DME_CTYCCTGR 	0.0
DME_CMWTATTT 	0.0
DME_AGGAGTTCGAGACCAR 	0.0
DME_GGCAGGAGAATC 	0.0
DME_YGCTKCTC 	0.0
DME_TGAGGTCAGGAGTT 	0.0
DME_GSGGCGGG 	0.0
DME_AAGTGCTGGGATTACA 	0.0
DME_ACTGGRTK 	0.0
DME_AGCCTGGGYGACAG 	0.0
CAARRTGCTGGGATTA_16 	0.0
TACTMAWAATACAAAAAW_18 	0.0
DME_VCTKGAGKSC 	0.0
DME_CAGGAGTTYGAGAC 	0.0
DME_AAAGTGCTGGGATTAC 	0.0
DECOD_Motif5_10 	0.0
DECOD_Motif5_12 	0.0
DME_TGGGCGACAG 	0.0
DECOD_Motif5_14 	0.0
DME_TGTATTTTWAGT 	0.0
DME_ATTTTTMA 	0.0
DME_CAGCAYTTTGGGAGGC 	0.0
GGGAYTACAG_10 	0.0
DME_CRCCCAGGCTGGAG 	0.0
DME_CTGKACAG 	0.0
DME_GTATTTTWAG 	0.0
DME_GATTASAGGC 	0.0
DME_TTKTGTATTTTTAG 	0.0
length.18.69 	0.0
DME_GGCAGGAGAATCGC 	0.0
DME_CAGTGRGC 	0.0
length.18.29 	0.0
DME_CAGGAGAATCGCTTGA 	0.0
DME_KGCTTYCT 	0.0
DME_GGCTGGAGTGCARTGG 	0.0
AGCCTGGG_8 	0.0
DME_CCAGGCTGGAGKGC 	0.0
DECOD_Motif1_14 	0.0
DECOD_Motif1_10 	0.0
DECOD_Motif1_12 	0.0
DECOD_Motif3_14 	0.0
DECOD_Motif3_12 	0.0
DECOD_Motif3_10 	0.0
DME_AGGAGTTCSA 	0.0
MEME_6_w14 	0.0
MEME_6_w10 	0.0
DME_GAGGTCAGGAGT 	0.0
MEME_6_w12 	0.0
length.10.33 	0.0
DME_GGCSACAG 	0.0
DME_CCTGGGYGACAG 	0.0
DME_GAGTTYGAGA 	0.0
DME_CCTGAGGTCAGGAG 	0.0
DME_KTAWTTAT 	0.0
DME_CTGGAGTGCARTGG 	0.0
DME_GSAMKCTSTW 	0.0
DECOD_Motif2_8 	0.0
DME_CTGTCRCCCAGGCTGG 	0.0
ACTCCWGCCTGG_12 	0.0
DME_TKTGTATTTTTAGT 	0.0
DME_TGGTCTCGAACT 	0.0
DME_GGCTCWAG 	0.0
DME_GGCGKGGC 	0.0
DME_AGGAGAATCGCTTG 	0.0
DME_TGWCCAGG 	0.0
length.20.55 	0.0
DME_AGGTCAGGAGTTYGAG 	0.0
DME_GGCTAATTTT 	0.0
Homer_8_5 	0.0
MEME_1_w14 	0.0
MEME_1_w12 	0.0
MEME_1_w10 	0.0
DME_GAGTTCGAGACC 	0.0
DME_CCAGGCTGGAST 	0.0
MEME_6_w8 	0.0
DME_TTTTTAGTARAG 	0.0
DME_TATTTATB 	0.0
DME_TCRCCCAGGCTGGA 	0.0
Improbizer_TTCTAAAAATACAAAAAAT 	0.0
DME_CTGAGGTCAGGAGTTY 	0.0
DME_GGCGSCTG 	0.0
DME_TGAMYYCAGG 	0.0
SCCTGTAATCCMMGCACT_18 	0.0
Homer_8_4 	0.0
DME_YCAGGAGTTCGAGACC 	0.0
Homer_8_1 	0.0
Homer_8_2 	0.0
